Year,Month,DayofMonth,DayOfWeek,DepTime,CRSDepTime,ArrTime,CRSArrTime,UniqueCarrier,FlightNum,TailNum,ActualElapsedTime,CRSElapsedTime,AirTime,ArrDelay,DepDelay,Origin,Dest,Distance,TaxiIn,TaxiOut,Cancelled,CancellationCode,Diverted,CarrierDelay,WeatherDelay,NASDelay,SecurityDelay,LateAircraftDelay
1996,1,29,1,2039,1930,2245,2139,DL,345,N673DL,246,249,230,66,69,ATL,PHX,1587,6,10,0,NA,0,NA,NA,NA,NA,NA
1996,1,30,2,1931,1930,2142,2139,DL,345,N686DA,251,249,224,3,1,ATL,PHX,1587,5,22,0,NA,0,NA,NA,NA,NA,NA
1996,1,31,3,1956,1930,2231,2139,DL,345,N685DA,275,249,241,52,26,ATL,PHX,1587,7,27,0,NA,0,NA,NA,NA,NA,NA
1996,1,1,1,1730,1550,1909,1745,DL,411,N522DA,219,235,201,84,100,ATL,PHX,1587,4,14,0,NA,0,NA,NA,NA,NA,NA
1996,1,2,2,1714,1550,1841,1745,DL,411,N2824W,207,235,195,56,84,ATL,PHX,1587,4,8,0,NA,0,NA,NA,NA,NA,NA
1996,1,3,3,1644,1550,1835,1745,DL,411,N490DA,231,235,212,50,54,ATL,PHX,1587,3,16,0,NA,0,NA,NA,NA,NA,NA
1996,1,4,4,1558,1550,1804,1745,DL,411,N536DA,246,235,226,19,8,ATL,PHX,1587,3,17,0,NA,0,NA,NA,NA,NA,NA
1996,1,5,5,1557,1550,1807,1745,DL,411,N537DA,250,235,224,22,7,ATL,PHX,1587,4,22,0,NA,0,NA,NA,NA,NA,NA
1996,1,6,6,1604,1550,1738,1745,DL,411,N531DA,214,235,206,-7,14,ATL,PHX,1587,2,6,0,NA,0,NA,NA,NA,NA,NA
1996,1,7,7,1743,1550,1933,1745,DL,411,N499DA,230,235,204,108,113,ATL,PHX,1587,5,21,0,NA,0,NA,NA,NA,NA,NA
1996,1,8,1,1646,1550,1827,1745,DL,411,N2814W,221,235,207,42,56,ATL,PHX,1587,3,11,0,NA,0,NA,NA,NA,NA,NA
1996,1,9,2,1610,1550,1752,1745,DL,411,N536DA,222,235,202,7,20,ATL,PHX,1587,5,15,0,NA,0,NA,NA,NA,NA,NA
1996,1,10,3,1559,1550,1747,1745,DL,411,N290WA,228,235,206,2,9,ATL,PHX,1587,2,20,0,NA,0,NA,NA,NA,NA,NA
1996,1,11,4,1635,1550,1818,1745,DL,411,N2814W,223,235,208,33,45,ATL,PHX,1587,3,12,0,NA,0,NA,NA,NA,NA,NA
1996,1,12,5,1640,1550,1800,1745,DL,411,N2815W,200,235,186,15,50,ATL,PHX,1587,6,8,0,NA,0,NA,NA,NA,NA,NA
1996,1,13,6,1555,1550,1746,1745,DL,411,N8875Z,231,235,202,1,5,ATL,PHX,1587,3,26,0,NA,0,NA,NA,NA,NA,NA
1996,1,14,7,1603,1550,1743,1745,DL,411,N539DA,220,235,202,-2,13,ATL,PHX,1587,3,15,0,NA,0,NA,NA,NA,NA,NA
1996,1,15,1,1553,1550,1743,1745,DL,411,N532DA,230,235,201,-2,3,ATL,PHX,1587,2,27,0,NA,0,NA,NA,NA,NA,NA
1996,1,16,2,1550,1550,1736,1745,DL,411,N494DA,226,235,208,-9,0,ATL,PHX,1587,4,14,0,NA,0,NA,NA,NA,NA,NA
1996,1,17,3,1620,1550,1822,1745,DL,411,N409DA,242,235,216,37,30,ATL,PHX,1587,9,17,0,NA,0,NA,NA,NA,NA,NA
1996,1,18,4,1630,1550,1851,1745,DL,411,N543DA,261,235,232,66,40,ATL,PHX,1587,6,23,0,NA,0,NA,NA,NA,NA,NA
1996,1,19,5,1634,1550,1903,1745,DL,411,N518DA,269,235,237,78,44,ATL,PHX,1587,4,28,0,NA,0,NA,NA,NA,NA,NA
1996,1,20,6,1552,1550,1747,1745,DL,411,N2826W,235,235,223,2,2,ATL,PHX,1587,4,8,0,NA,0,NA,NA,NA,NA,NA
1996,1,21,7,1634,1550,1830,1745,DL,411,N521DA,236,235,222,45,44,ATL,PHX,1587,4,10,0,NA,0,NA,NA,NA,NA,NA
1996,1,22,1,1559,1550,1812,1745,DL,411,N538DA,253,235,238,27,9,ATL,PHX,1587,3,12,0,NA,0,NA,NA,NA,NA,NA
1996,1,23,2,1553,1550,1805,1745,DL,411,N537DA,252,235,229,20,3,ATL,PHX,1587,3,20,0,NA,0,NA,NA,NA,NA,NA
1996,1,24,3,1605,1550,1828,1745,DL,411,N533DA,263,235,241,43,15,ATL,PHX,1587,6,16,0,NA,0,NA,NA,NA,NA,NA
1996,1,25,4,1554,1550,1814,1745,DL,411,N526DA,260,235,235,29,4,ATL,PHX,1587,4,21,0,NA,0,NA,NA,NA,NA,NA
1996,1,26,5,1639,1550,1856,1745,DL,411,N546DA,257,235,237,71,49,ATL,PHX,1587,9,11,0,NA,0,NA,NA,NA,NA,NA
1996,1,27,6,1600,1550,1801,1745,DL,411,N537DA,241,235,217,16,10,ATL,PHX,1587,3,21,0,NA,0,NA,NA,NA,NA,NA
1996,1,28,7,1550,1550,1804,1745,DL,411,N520DA,254,235,232,19,0,ATL,PHX,1587,6,16,0,NA,0,NA,NA,NA,NA,NA
1996,1,29,1,1600,1550,1754,1745,DL,411,N290WA,234,235,214,9,10,ATL,PHX,1587,3,17,0,NA,0,NA,NA,NA,NA,NA
1996,1,30,2,1607,1550,1820,1745,DL,411,N528DA,253,235,217,35,17,ATL,PHX,1587,3,33,0,NA,0,NA,NA,NA,NA,NA
1996,1,31,3,1604,1550,1814,1745,DL,411,N536DA,250,235,234,29,14,ATL,PHX,1587,4,12,0,NA,0,NA,NA,NA,NA,NA
1996,1,1,1,1806,1730,2007,1940,DL,689,N604DL,241,250,213,27,36,ATL,PHX,1587,4,24,0,NA,0,NA,NA,NA,NA,NA
1996,1,2,2,1813,1730,2003,1940,DL,689,N631DL,230,250,208,23,43,ATL,PHX,1587,5,17,0,NA,0,NA,NA,NA,NA,NA
1996,1,3,3,1825,1730,2038,1940,DL,689,N631DL,253,250,222,58,55,ATL,PHX,1587,4,27,0,NA,0,NA,NA,NA,NA,NA
1996,1,4,4,1744,1730,1956,1940,DL,689,N677DL,252,250,230,16,14,ATL,PHX,1587,3,19,0,NA,0,NA,NA,NA,NA,NA
1996,1,5,5,1739,1730,1954,1940,DL,689,N654DL,255,250,224,14,9,ATL,PHX,1587,3,28,0,NA,0,NA,NA,NA,NA,NA
1996,1,6,6,2007,1730,2203,1940,DL,689,N647DL,236,250,213,143,157,ATL,PHX,1587,4,19,0,NA,0,NA,NA,NA,NA,NA
1996,1,7,7,1804,1730,2000,1940,DL,689,N632DL,236,250,215,20,34,ATL,PHX,1587,4,17,0,NA,0,NA,NA,NA,NA,NA
1996,1,8,1,1856,1730,2053,1940,DL,689,N605DL,237,250,221,73,86,ATL,PHX,1587,4,12,0,NA,0,NA,NA,NA,NA,NA
1996,1,9,2,1744,1730,1956,1940,DL,689,N666DN,252,250,213,16,14,ATL,PHX,1587,6,33,0,NA,0,NA,NA,NA,NA,NA
1996,1,10,3,1748,1730,2005,1940,DL,689,N670DN,257,250,216,25,18,ATL,PHX,1587,3,38,0,NA,0,NA,NA,NA,NA,NA
1996,1,11,4,1737,1730,1931,1940,DL,689,N644DL,234,250,209,-9,7,ATL,PHX,1587,3,22,0,NA,0,NA,NA,NA,NA,NA
1996,1,12,5,1749,1730,1925,1940,DL,689,N608DA,216,250,196,-15,19,ATL,PHX,1587,4,16,0,NA,0,NA,NA,NA,NA,NA
1996,1,13,6,1732,1730,1939,1940,DL,689,N685DA,247,250,211,-1,2,ATL,PHX,1587,3,33,0,NA,0,NA,NA,NA,NA,NA
1996,1,14,7,1819,1730,2004,1940,DL,689,N626DL,225,250,199,24,49,ATL,PHX,1587,2,24,0,NA,0,NA,NA,NA,NA,NA
1996,1,15,1,1732,1730,1930,1940,DL,689,N685DA,238,250,205,-10,2,ATL,PHX,1587,3,30,0,NA,0,NA,NA,NA,NA,NA
1996,1,16,2,1847,1730,2043,1940,DL,689,N634DL,236,250,224,63,77,ATL,PHX,1587,4,8,0,NA,0,NA,NA,NA,NA,NA
1996,1,17,3,1826,1730,2040,1940,DL,689,N622DL,254,250,218,60,56,ATL,PHX,1587,4,32,0,NA,0,NA,NA,NA,NA,NA
1996,1,18,4,1849,1730,2047,1940,DL,689,N674DL,238,250,226,67,79,ATL,PHX,1587,4,8,0,NA,0,NA,NA,NA,NA,NA
1996,1,19,5,1747,1730,2019,1940,DL,689,N625DL,272,250,246,39,17,ATL,PHX,1587,2,24,0,NA,0,NA,NA,NA,NA,NA
1996,1,20,6,1740,1730,2000,1940,DL,689,N625DL,260,250,230,20,10,ATL,PHX,1587,4,26,0,NA,0,NA,NA,NA,NA,NA
1996,1,21,7,1738,1730,2023,1940,DL,689,N682DA,285,250,241,43,8,ATL,PHX,1587,7,37,0,NA,0,NA,NA,NA,NA,NA
1996,1,22,1,1734,1730,2010,1940,DL,689,N616DL,276,250,238,30,4,ATL,PHX,1587,6,32,0,NA,0,NA,NA,NA,NA,NA
1996,1,23,2,1740,1730,2021,1940,DL,689,N646DL,281,250,241,41,10,ATL,PHX,1587,3,37,0,NA,0,NA,NA,NA,NA,NA
1996,1,24,3,1759,1730,2030,1940,DL,689,N642DL,271,250,241,50,29,ATL,PHX,1587,4,26,0,NA,0,NA,NA,NA,NA,NA
1996,1,25,4,1741,1730,2022,1940,DL,689,N637DL,281,250,245,42,11,ATL,PHX,1587,4,32,0,NA,0,NA,NA,NA,NA,NA
1996,1,26,5,1912,1730,2120,1940,DL,689,N617DL,248,250,235,100,102,ATL,PHX,1587,3,10,0,NA,0,NA,NA,NA,NA,NA
1996,1,27,6,1747,1730,2013,1940,DL,689,N681DA,266,250,230,33,17,ATL,PHX,1587,3,33,0,NA,0,NA,NA,NA,NA,NA
1996,1,28,7,1735,1730,2002,1940,DL,689,N681DA,267,250,230,22,5,ATL,PHX,1587,7,30,0,NA,0,NA,NA,NA,NA,NA
1996,1,29,1,1730,1730,1955,1940,DL,689,N642DL,265,250,223,15,0,ATL,PHX,1587,10,32,0,NA,0,NA,NA,NA,NA,NA
1996,1,30,2,1749,1730,2035,1940,DL,689,N604DL,286,250,232,55,19,ATL,PHX,1587,3,51,0,NA,0,NA,NA,NA,NA,NA
1996,1,31,3,1802,1730,2016,1940,DL,689,N639DL,254,250,228,36,32,ATL,PHX,1587,6,20,0,NA,0,NA,NA,NA,NA,NA
1996,1,1,1,1240,1215,1435,1412,DL,723,N632DL,235,237,215,23,25,ATL,PHX,1587,3,17,0,NA,0,NA,NA,NA,NA,NA
1996,1,2,2,1247,1215,1437,1412,DL,723,N627DL,230,237,204,25,32,ATL,PHX,1587,5,21,0,NA,0,NA,NA,NA,NA,NA
1996,1,3,3,1317,1215,1512,1412,DL,723,N656DL,235,237,214,60,62,ATL,PHX,1587,5,16,0,NA,0,NA,NA,NA,NA,NA
1996,1,4,4,1246,1215,1500,1412,DL,723,N675DL,254,237,234,48,31,ATL,PHX,1587,3,17,0,NA,0,NA,NA,NA,NA,NA
1996,1,5,5,1221,1215,1446,1412,DL,723,N683DA,265,237,231,34,6,ATL,PHX,1587,4,30,0,NA,0,NA,NA,NA,NA,NA
1996,1,6,6,1242,1215,1430,1412,DL,723,N636DL,228,237,216,18,27,ATL,PHX,1587,3,9,0,NA,0,NA,NA,NA,NA,NA
1996,1,7,7,1426,1215,1612,1412,DL,723,N622DL,226,237,208,120,131,ATL,PHX,1587,5,13,0,NA,0,NA,NA,NA,NA,NA
1996,1,8,1,1345,1215,1537,1412,DL,723,N629DL,232,237,215,85,90,ATL,PHX,1587,3,14,0,NA,0,NA,NA,NA,NA,NA
1996,1,9,2,1228,1215,1429,1412,DL,723,N660DL,241,237,218,17,13,ATL,PHX,1587,4,19,0,NA,0,NA,NA,NA,NA,NA
1996,1,10,3,1223,1215,1413,1412,DL,723,N657DL,230,237,207,1,8,ATL,PHX,1587,4,19,0,NA,0,NA,NA,NA,NA,NA
1996,1,11,4,1215,1215,1415,1412,DL,723,N637DL,240,237,216,3,0,ATL,PHX,1587,3,21,0,NA,0,NA,NA,NA,NA,NA
1996,1,12,5,1252,1215,1427,1412,DL,723,N633DL,215,237,195,15,37,ATL,PHX,1587,3,17,0,NA,0,NA,NA,NA,NA,NA
1996,1,13,6,1217,1215,1408,1412,DL,723,N650DL,231,237,209,-4,2,ATL,PHX,1587,3,19,0,NA,0,NA,NA,NA,NA,NA
1996,1,14,7,1217,1215,1409,1412,DL,723,N624DL,232,237,200,-3,2,ATL,PHX,1587,5,27,0,NA,0,NA,NA,NA,NA,NA
1996,1,15,1,1218,1215,1405,1412,DL,723,N642DL,227,237,200,-7,3,ATL,PHX,1587,3,24,0,NA,0,NA,NA,NA,NA,NA
1996,1,16,2,1231,1215,1438,1412,DL,723,N609DL,247,237,217,26,16,ATL,PHX,1587,4,26,0,NA,0,NA,NA,NA,NA,NA
1996,1,17,3,1239,1215,1447,1412,DL,723,N618DL,248,237,225,35,24,ATL,PHX,1587,4,19,0,NA,0,NA,NA,NA,NA,NA
1996,1,18,4,1250,1215,1518,1412,DL,723,N639DL,268,237,230,66,35,ATL,PHX,1587,10,28,0,NA,0,NA,NA,NA,NA,NA
1996,1,19,5,1231,1215,1452,1412,DL,723,N632DL,261,237,238,40,16,ATL,PHX,1587,6,17,0,NA,0,NA,NA,NA,NA,NA
1996,1,20,6,1241,1215,1437,1412,DL,723,N635DL,236,237,222,25,26,ATL,PHX,1587,3,11,0,NA,0,NA,NA,NA,NA,NA
1996,1,21,7,1226,1215,1426,1412,DL,723,N646DL,240,237,225,14,11,ATL,PHX,1587,4,11,0,NA,0,NA,NA,NA,NA,NA
1996,1,22,1,1219,1215,1440,1412,DL,723,N617DL,261,237,241,28,4,ATL,PHX,1587,4,16,0,NA,0,NA,NA,NA,NA,NA
1996,1,23,2,1220,1215,1438,1412,DL,723,N679DA,258,237,237,26,5,ATL,PHX,1587,4,17,0,NA,0,NA,NA,NA,NA,NA
1996,1,24,3,1240,1215,1523,1412,DL,723,N632DL,283,237,253,71,25,ATL,PHX,1587,4,26,0,NA,0,NA,NA,NA,NA,NA
1996,1,25,4,1222,1215,1448,1412,DL,723,N616DL,266,237,236,36,7,ATL,PHX,1587,4,26,0,NA,0,NA,NA,NA,NA,NA
1996,1,26,5,1239,1215,1455,1412,DL,723,N647DL,256,237,243,43,24,ATL,PHX,1587,3,10,0,NA,0,NA,NA,NA,NA,NA
1996,1,27,6,1224,1215,1423,1412,DL,723,N679DA,239,237,224,11,9,ATL,PHX,1587,2,13,0,NA,0,NA,NA,NA,NA,NA
1996,1,28,7,1224,1215,1450,1412,DL,723,N651DL,266,237,234,38,9,ATL,PHX,1587,3,29,0,NA,0,NA,NA,NA,NA,NA
1996,1,29,1,1220,1215,1432,1412,DL,723,N645DL,252,237,223,20,5,ATL,PHX,1587,3,26,0,NA,0,NA,NA,NA,NA,NA
1996,1,30,2,1221,1215,1440,1412,DL,723,N669DN,259,237,226,28,6,ATL,PHX,1587,6,27,0,NA,0,NA,NA,NA,NA,NA
1996,1,31,3,1246,1215,1507,1412,DL,723,N603DL,261,237,234,55,31,ATL,PHX,1587,7,20,0,NA,0,NA,NA,NA,NA,NA
1996,1,1,1,850,845,1054,1035,DL,989,N677DL,244,230,206,19,5,ATL,PHX,1587,6,32,0,NA,0,NA,NA,NA,NA,NA
1996,1,2,2,907,845,1134,1035,DL,989,N663DN,267,230,212,59,22,ATL,PHX,1587,5,50,0,NA,0,NA,NA,NA,NA,NA
1996,1,3,3,854,845,1043,1035,DL,989,N675DL,229,230,213,8,9,ATL,PHX,1587,5,11,0,NA,0,NA,NA,NA,NA,NA
1996,1,4,4,948,845,1200,1035,DL,989,N618DL,252,230,239,85,63,ATL,PHX,1587,3,10,0,NA,0,NA,NA,NA,NA,NA
1996,1,5,5,852,845,1115,1035,DL,989,N617DL,263,230,231,40,7,ATL,PHX,1587,3,29,0,NA,0,NA,NA,NA,NA,NA
1996,1,6,6,903,845,1101,1035,DL,989,N671DN,238,230,215,26,18,ATL,PHX,1587,3,20,0,NA,0,NA,NA,NA,NA,NA
1996,1,7,7,1027,845,1327,1035,DL,989,N647DL,300,230,210,172,102,ATL,PHX,1587,1,89,0,NA,0,NA,NA,NA,NA,NA
1996,1,8,1,NA,845,NA,1035,DL,989,N613DL,NA,230,NA,NA,NA,ATL,PHX,1587,0,0,1,NA,0,NA,NA,NA,NA,NA
1996,1,9,2,849,845,1102,1035,DL,989,N636DL,253,230,224,27,4,ATL,PHX,1587,5,24,0,NA,0,NA,NA,NA,NA,NA
1996,1,10,3,853,845,1111,1035,DL,989,N604DL,258,230,232,36,8,ATL,PHX,1587,3,23,0,NA,0,NA,NA,NA,NA,NA
1996,1,11,4,853,845,1043,1035,DL,989,N627DL,230,230,220,8,8,ATL,PHX,1587,3,7,0,NA,0,NA,NA,NA,NA,NA
1996,1,12,5,920,845,1058,1035,DL,989,N631DL,218,230,197,23,35,ATL,PHX,1587,10,11,0,NA,0,NA,NA,NA,NA,NA
1996,1,13,6,852,845,1057,1035,DL,989,N626DL,245,230,220,22,7,ATL,PHX,1587,4,21,0,NA,0,NA,NA,NA,NA,NA
1996,1,14,7,848,845,1043,1035,DL,989,N642DL,235,230,209,8,3,ATL,PHX,1587,5,21,0,NA,0,NA,NA,NA,NA,NA
1996,1,15,1,848,845,1043,1035,DL,989,N605DL,235,230,205,8,3,ATL,PHX,1587,4,26,0,NA,0,NA,NA,NA,NA,NA
1996,1,16,2,849,845,1102,1035,DL,989,N621DL,253,230,226,27,4,ATL,PHX,1587,4,23,0,NA,0,NA,NA,NA,NA,NA
1996,1,17,3,856,845,1126,1035,DL,989,N633DL,270,230,231,51,11,ATL,PHX,1587,3,36,0,NA,0,NA,NA,NA,NA,NA
1996,1,18,4,851,845,1115,1035,DL,989,N650DL,264,230,232,40,6,ATL,PHX,1587,4,28,0,NA,0,NA,NA,NA,NA,NA
1996,1,19,5,1053,845,1326,1035,DL,989,N601DL,273,230,255,171,128,ATL,PHX,1587,5,13,0,NA,0,NA,NA,NA,NA,NA
1996,1,20,6,855,845,1121,1035,DL,989,N659DL,266,230,240,46,10,ATL,PHX,1587,6,20,0,NA,0,NA,NA,NA,NA,NA
1996,1,21,7,845,845,1102,1035,DL,989,N612DL,257,230,229,27,0,ATL,PHX,1587,3,25,0,NA,0,NA,NA,NA,NA,NA
1996,1,22,1,906,845,1117,1035,DL,989,N603DL,251,230,231,42,21,ATL,PHX,1587,5,15,0,NA,0,NA,NA,NA,NA,NA
1996,1,23,2,850,845,1057,1035,DL,989,N655DL,247,230,232,22,5,ATL,PHX,1587,3,12,0,NA,0,NA,NA,NA,NA,NA
1996,1,24,3,855,845,1132,1035,DL,989,N654DL,277,230,252,57,10,ATL,PHX,1587,4,21,0,NA,0,NA,NA,NA,NA,NA
1996,1,25,4,856,845,1114,1035,DL,989,N647DL,258,230,230,39,11,ATL,PHX,1587,4,24,0,NA,0,NA,NA,NA,NA,NA
1996,1,26,5,845,845,1117,1035,DL,989,N673DL,272,230,246,42,0,ATL,PHX,1587,2,24,0,NA,0,NA,NA,NA,NA,NA
1996,1,27,6,851,845,1132,1035,DL,989,N684DA,281,230,247,57,6,ATL,PHX,1587,6,28,0,NA,0,NA,NA,NA,NA,NA
1996,1,28,7,848,845,1056,1035,DL,989,N633DL,248,230,230,21,3,ATL,PHX,1587,5,13,0,NA,0,NA,NA,NA,NA,NA
1996,1,29,1,847,845,1105,1035,DL,989,N650DL,258,230,222,30,2,ATL,PHX,1587,6,30,0,NA,0,NA,NA,NA,NA,NA
1996,1,30,2,847,845,1058,1035,DL,989,N680DA,251,230,229,23,2,ATL,PHX,1587,4,18,0,NA,0,NA,NA,NA,NA,NA
1996,1,31,3,853,845,1117,1035,DL,989,N626DL,264,230,228,42,8,ATL,PHX,1587,3,33,0,NA,0,NA,NA,NA,NA,NA
1996,1,1,1,1708,1640,1907,1841,HP,19,N906AW,239,241,226,26,28,ATL,PHX,1587,4,9,0,NA,0,NA,NA,NA,NA,NA
1996,1,2,2,1743,1640,1937,1841,HP,19,N908AW,234,241,216,56,63,ATL,PHX,1587,6,12,0,NA,0,NA,NA,NA,NA,NA
1996,1,3,3,1733,1640,1933,1841,HP,19,N913AW,240,241,225,52,53,ATL,PHX,1587,4,11,0,NA,0,NA,NA,NA,NA,NA
1996,1,4,4,1719,1640,1917,1841,HP,19,N906AW,238,241,224,36,39,ATL,PHX,1587,5,9,0,NA,0,NA,NA,NA,NA,NA
1996,1,5,5,1643,1640,1855,1841,HP,19,N621AW,252,241,231,14,3,ATL,PHX,1587,8,13,0,NA,0,NA,NA,NA,NA,NA
1996,1,6,6,1654,1640,1852,1841,HP,19,N903AW,238,241,224,11,14,ATL,PHX,1587,5,9,0,NA,0,NA,NA,NA,NA,NA
1996,1,7,7,1655,1640,1848,1841,HP,19,N916AW,233,241,211,7,15,ATL,PHX,1587,4,18,0,NA,0,NA,NA,NA,NA,NA
1996,1,8,1,1639,1640,1833,1841,HP,19,N902AW,234,241,220,-8,-1,ATL,PHX,1587,6,8,0,NA,0,NA,NA,NA,NA,NA
1996,1,9,2,NA,1640,NA,1841,HP,19,N916AW,NA,241,NA,NA,NA,ATL,PHX,1587,0,0,1,NA,0,NA,NA,NA,NA,NA
1996,1,10,3,1657,1640,1915,1841,HP,19,N914AW,258,241,241,34,17,ATL,PHX,1587,5,12,0,NA,0,NA,NA,NA,NA,NA
1996,1,11,4,2151,1640,2337,1841,HP,19,N901AW,226,241,210,296,311,ATL,PHX,1587,4,12,0,NA,0,NA,NA,NA,NA,NA
1996,1,12,5,1642,1640,1818,1841,HP,19,N916AW,216,241,196,-23,2,ATL,PHX,1587,8,12,0,NA,0,NA,NA,NA,NA,NA
1996,1,13,6,1644,1640,1840,1841,HP,19,N913AW,236,241,216,-1,4,ATL,PHX,1587,12,8,0,NA,0,NA,NA,NA,NA,NA
1996,1,14,7,1647,1640,1838,1841,HP,19,N914AW,231,241,215,-3,7,ATL,PHX,1587,5,11,0,NA,0,NA,NA,NA,NA,NA
1996,1,15,1,1640,1640,1824,1841,HP,19,N626AW,224,241,211,-17,0,ATL,PHX,1587,5,8,0,NA,0,NA,NA,NA,NA,NA
1996,1,16,2,1640,1640,1841,1841,HP,19,N914AW,241,241,230,0,0,ATL,PHX,1587,5,6,0,NA,0,NA,NA,NA,NA,NA
1996,1,17,3,1640,1640,1900,1841,HP,19,N902AW,260,241,240,19,0,ATL,PHX,1587,5,15,0,NA,0,NA,NA,NA,NA,NA
1996,1,18,4,1640,1640,1903,1841,HP,19,N904AW,263,241,240,22,0,ATL,PHX,1587,7,16,0,NA,0,NA,NA,NA,NA,NA
1996,1,19,5,1637,1640,1837,1841,HP,19,N639AW,240,241,229,-4,-3,ATL,PHX,1587,3,8,0,NA,0,NA,NA,NA,NA,NA
1996,1,20,6,1639,1640,1914,1841,HP,19,N904AW,275,241,260,33,-1,ATL,PHX,1587,4,11,0,NA,0,NA,NA,NA,NA,NA
1996,1,21,7,1640,1640,1900,1841,HP,19,N910AW,260,241,241,19,0,ATL,PHX,1587,5,14,0,NA,0,NA,NA,NA,NA,NA
1996,1,22,1,1815,1640,2017,1841,HP,19,N913AW,242,241,225,96,95,ATL,PHX,1587,6,11,0,NA,0,NA,NA,NA,NA,NA
1996,1,23,2,1641,1640,1906,1841,HP,19,N915AW,265,241,253,25,1,ATL,PHX,1587,4,8,0,NA,0,NA,NA,NA,NA,NA
1996,1,24,3,1652,1640,1914,1841,HP,19,N915AW,262,241,247,33,12,ATL,PHX,1587,5,10,0,NA,0,NA,NA,NA,NA,NA
1996,1,25,4,1640,1640,1904,1841,HP,19,N906AW,264,241,247,23,0,ATL,PHX,1587,7,10,0,NA,0,NA,NA,NA,NA,NA
1996,1,26,5,NA,1640,NA,1841,HP,19,N913AW,NA,241,NA,NA,NA,ATL,PHX,1587,0,0,1,NA,0,NA,NA,NA,NA,NA
1996,1,27,6,1643,1640,1904,1841,HP,19,N908AW,261,241,238,23,3,ATL,PHX,1587,6,17,0,NA,0,NA,NA,NA,NA,NA
1996,1,28,7,1642,1640,1856,1841,HP,19,N903AW,254,241,236,15,2,ATL,PHX,1587,7,11,0,NA,0,NA,NA,NA,NA,NA
1996,1,29,1,1640,1640,1849,1841,HP,19,N904AW,249,241,232,8,0,ATL,PHX,1587,8,9,0,NA,0,NA,NA,NA,NA,NA
1996,1,30,2,1640,1640,1847,1841,HP,19,N913AW,247,241,232,6,0,ATL,PHX,1587,4,11,0,NA,0,NA,NA,NA,NA,NA
1996,1,31,3,1653,1640,1904,1841,HP,19,N901AW,251,241,234,23,13,ATL,PHX,1587,6,11,0,NA,0,NA,NA,NA,NA,NA
1996,1,1,1,1613,835,1838,1043,HP,20,N913AW,265,248,228,475,458,ATL,PHX,1587,6,31,0,NA,0,NA,NA,NA,NA,NA
1996,1,2,2,835,835,1133,1043,HP,20,N909AW,298,248,229,50,0,ATL,PHX,1587,4,65,0,NA,0,NA,NA,NA,NA,NA
1996,1,3,3,842,835,1035,1043,HP,20,N916AW,233,248,216,-8,7,ATL,PHX,1587,5,12,0,NA,0,NA,NA,NA,NA,NA
1996,1,4,4,835,835,1053,1043,HP,20,N914AW,258,248,235,10,0,ATL,PHX,1587,8,15,0,NA,0,NA,NA,NA,NA,NA
1996,1,5,5,853,835,1119,1043,HP,20,N902AW,266,248,241,36,18,ATL,PHX,1587,2,23,0,NA,0,NA,NA,NA,NA,NA
1996,1,6,6,835,835,1042,1043,HP,20,N910AW,247,248,231,-1,0,ATL,PHX,1587,3,13,0,NA,0,NA,NA,NA,NA,NA
1996,1,7,7,901,835,1107,1043,HP,20,N909AW,246,248,220,24,26,ATL,PHX,1587,3,23,0,NA,0,NA,NA,NA,NA,NA
1996,1,8,1,836,835,1028,1043,HP,20,N905AW,232,248,220,-15,1,ATL,PHX,1587,1,11,0,NA,0,NA,NA,NA,NA,NA
1996,1,9,2,835,835,1100,1043,HP,20,N901AW,265,248,223,17,0,ATL,PHX,1587,9,33,0,NA,0,NA,NA,NA,NA,NA
1996,1,10,3,832,835,1046,1043,HP,20,N901AW,254,248,240,3,-3,ATL,PHX,1587,4,10,0,NA,0,NA,NA,NA,NA,NA
1996,1,11,4,1012,835,1218,1043,HP,20,N916AW,246,248,221,95,97,ATL,PHX,1587,2,23,0,NA,0,NA,NA,NA,NA,NA
1996,1,12,5,836,835,1016,1043,HP,20,N905AW,220,248,200,-27,1,ATL,PHX,1587,5,15,0,NA,0,NA,NA,NA,NA,NA
1996,1,13,6,842,835,1031,1043,HP,20,N910AW,229,248,216,-12,7,ATL,PHX,1587,3,10,0,NA,0,NA,NA,NA,NA,NA
1996,1,14,7,846,835,1053,1043,HP,20,N902AW,247,248,221,10,11,ATL,PHX,1587,7,19,0,NA,0,NA,NA,NA,NA,NA
1996,1,15,1,835,835,1037,1043,HP,20,N901AW,242,248,222,-6,0,ATL,PHX,1587,9,11,0,NA,0,NA,NA,NA,NA,NA
1996,1,16,2,833,835,1043,1043,HP,20,N907AW,250,248,230,0,-2,ATL,PHX,1587,5,15,0,NA,0,NA,NA,NA,NA,NA
1996,1,17,3,835,835,1131,1043,HP,20,N913AW,296,248,259,48,0,ATL,PHX,1587,3,34,0,NA,0,NA,NA,NA,NA,NA
1996,1,18,4,915,835,1118,1043,HP,20,N913AW,243,248,231,35,40,ATL,PHX,1587,3,9,0,NA,0,NA,NA,NA,NA,NA
1996,1,19,5,835,835,1057,1043,HP,20,N909AW,262,248,249,14,0,ATL,PHX,1587,4,9,0,NA,0,NA,NA,NA,NA,NA
1996,1,20,6,838,835,1102,1043,HP,20,N914AW,264,248,248,19,3,ATL,PHX,1587,4,12,0,NA,0,NA,NA,NA,NA,NA
1996,1,21,7,835,835,1131,1043,HP,20,N905AW,296,248,252,48,0,ATL,PHX,1587,3,41,0,NA,0,NA,NA,NA,NA,NA
1996,1,22,1,835,835,1055,1043,HP,20,N901AW,260,248,220,12,0,ATL,PHX,1587,10,30,0,NA,0,NA,NA,NA,NA,NA
1996,1,23,2,836,835,1055,1043,HP,20,N903AW,259,248,243,12,1,ATL,PHX,1587,4,12,0,NA,0,NA,NA,NA,NA,NA
1996,1,24,3,840,835,1111,1043,HP,20,N904AW,271,248,248,28,5,ATL,PHX,1587,2,21,0,NA,0,NA,NA,NA,NA,NA
1996,1,25,4,839,835,1104,1043,HP,20,N905AW,265,248,247,21,4,ATL,PHX,1587,3,15,0,NA,0,NA,NA,NA,NA,NA
1996,1,26,5,839,835,1100,1043,HP,20,N909AW,261,248,245,17,4,ATL,PHX,1587,4,12,0,NA,0,NA,NA,NA,NA,NA
1996,1,27,6,845,835,1112,1043,HP,20,N903AW,267,248,251,29,10,ATL,PHX,1587,4,12,0,NA,0,NA,NA,NA,NA,NA
1996,1,28,7,835,835,1051,1043,HP,20,N902AW,256,248,238,8,0,ATL,PHX,1587,3,15,0,NA,0,NA,NA,NA,NA,NA
1996,1,29,1,831,835,1040,1043,HP,20,N906AW,249,248,233,-3,-4,ATL,PHX,1587,5,11,0,NA,0,NA,NA,NA,NA,NA
1996,1,30,2,835,835,1047,1043,HP,20,N910AW,252,248,228,4,0,ATL,PHX,1587,6,18,0,NA,0,NA,NA,NA,NA,NA
1996,1,31,3,835,835,1106,1043,HP,20,N903AW,271,248,230,23,0,ATL,PHX,1587,4,37,0,NA,0,NA,NA,NA,NA,NA
1996,1,1,1,1707,1710,1826,1830,HP,416,N151AW,139,140,125,-4,-3,AUS,PHX,872,6,8,0,NA,0,NA,NA,NA,NA,NA
1996,1,2,2,1734,1710,1853,1830,HP,416,N166AW,139,140,123,23,24,AUS,PHX,872,7,9,0,NA,0,NA,NA,NA,NA,NA
1996,1,3,3,1707,1710,1832,1830,HP,416,N316AW,145,140,130,2,-3,AUS,PHX,872,7,8,0,NA,0,NA,NA,NA,NA,NA
1996,1,4,4,1721,1710,1840,1830,HP,416,N308AW,139,140,127,10,11,AUS,PHX,872,4,8,0,NA,0,NA,NA,NA,NA,NA
1996,1,5,5,1708,1710,1828,1830,HP,416,N313AW,140,140,126,-2,-2,AUS,PHX,872,4,10,0,NA,0,NA,NA,NA,NA,NA
1996,1,6,6,1708,1710,1824,1830,HP,416,N311AW,136,140,127,-6,-2,AUS,PHX,872,3,6,0,NA,0,NA,NA,NA,NA,NA
1996,1,7,7,1710,1710,1827,1830,HP,416,N165AW,137,140,121,-3,0,AUS,PHX,872,8,8,0,NA,0,NA,NA,NA,NA,NA
1996,1,8,1,1701,1710,1824,1830,HP,416,N328AW,143,140,121,-6,-9,AUS,PHX,872,5,17,0,NA,0,NA,NA,NA,NA,NA
1996,1,9,2,1710,1710,1829,1830,HP,416,N304AW,139,140,123,-1,0,AUS,PHX,872,6,10,0,NA,0,NA,NA,NA,NA,NA
1996,1,10,3,1707,1710,1824,1830,HP,416,N314AW,137,140,126,-6,-3,AUS,PHX,872,4,7,0,NA,0,NA,NA,NA,NA,NA
1996,1,11,4,1708,1710,1826,1830,HP,416,N324AW,138,140,118,-4,-2,AUS,PHX,872,5,15,0,NA,0,NA,NA,NA,NA,NA
1996,1,12,5,1708,1710,1835,1830,HP,416,N322AW,147,140,115,5,-2,AUS,PHX,872,20,12,0,NA,0,NA,NA,NA,NA,NA
1996,1,13,6,1706,1710,1830,1830,HP,416,N302AW,144,140,126,0,-4,AUS,PHX,872,11,7,0,NA,0,NA,NA,NA,NA,NA
1996,1,14,7,1710,1710,1826,1830,HP,416,N306AW,136,140,120,-4,0,AUS,PHX,872,6,10,0,NA,0,NA,NA,NA,NA,NA
1996,1,15,1,1709,1710,1825,1830,HP,416,N169AW,136,140,124,-5,-1,AUS,PHX,872,3,9,0,NA,0,NA,NA,NA,NA,NA
1996,1,16,2,1706,1710,1832,1830,HP,416,N316AW,146,140,128,2,-4,AUS,PHX,872,7,11,0,NA,0,NA,NA,NA,NA,NA
1996,1,17,3,1710,1710,1857,1830,HP,416,N175AW,167,140,154,27,0,AUS,PHX,872,5,8,0,NA,0,NA,NA,NA,NA,NA
1996,1,18,4,1710,1710,1836,1830,HP,416,N325AW,146,140,136,6,0,AUS,PHX,872,4,6,0,NA,0,NA,NA,NA,NA,NA
1996,1,19,5,1707,1710,1841,1830,HP,416,N509DC,154,140,141,11,-3,AUS,PHX,872,3,10,0,NA,0,NA,NA,NA,NA,NA
1996,1,20,6,1708,1710,1831,1830,HP,416,N160AW,143,140,131,1,-2,AUS,PHX,872,4,8,0,NA,0,NA,NA,NA,NA,NA
1996,1,21,7,1709,1710,1826,1830,HP,416,N174AW,137,140,126,-4,-1,AUS,PHX,872,4,7,0,NA,0,NA,NA,NA,NA,NA
1996,1,22,1,1708,1710,1840,1830,HP,416,N172AW,152,140,134,10,-2,AUS,PHX,872,6,12,0,NA,0,NA,NA,NA,NA,NA
1996,1,23,2,1708,1710,1831,1830,HP,416,N314AW,143,140,131,1,-2,AUS,PHX,872,4,8,0,NA,0,NA,NA,NA,NA,NA
1996,1,24,3,1709,1710,1839,1830,HP,416,N308AW,150,140,137,9,-1,AUS,PHX,872,7,6,0,NA,0,NA,NA,NA,NA,NA
1996,1,25,4,1710,1710,1838,1830,HP,416,N157AW,148,140,134,8,0,AUS,PHX,872,4,10,0,NA,0,NA,NA,NA,NA,NA
1996,1,26,5,1707,1710,1829,1830,HP,416,N509DC,142,140,133,-1,-3,AUS,PHX,872,3,6,0,NA,0,NA,NA,NA,NA,NA
1996,1,27,6,1709,1710,1828,1830,HP,416,N307AW,139,140,125,-2,-1,AUS,PHX,872,6,8,0,NA,0,NA,NA,NA,NA,NA
1996,1,28,7,1706,1710,1835,1830,HP,416,112,149,140,135,5,-4,AUS,PHX,872,5,9,0,NA,0,NA,NA,NA,NA,NA
1996,1,29,1,1710,1710,1831,1830,HP,416,N315AW,141,140,124,1,0,AUS,PHX,872,8,9,0,NA,0,NA,NA,NA,NA,NA
1996,1,30,2,1706,1710,1824,1830,HP,416,N306AW,138,140,129,-6,-4,AUS,PHX,872,2,7,0,NA,0,NA,NA,NA,NA,NA
1996,1,31,3,1708,1710,1832,1830,HP,416,N316AW,144,140,133,2,-2,AUS,PHX,872,3,8,0,NA,0,NA,NA,NA,NA,NA
1996,1,1,1,1432,1435,1544,1551,HP,480,N150AW,132,136,120,-7,-3,AUS,PHX,872,3,9,0,NA,0,NA,NA,NA,NA,NA
1996,1,2,2,1450,1435,1614,1551,HP,480,N164AW,144,136,126,23,15,AUS,PHX,872,7,11,0,NA,0,NA,NA,NA,NA,NA
1996,1,3,3,1435,1435,1555,1551,HP,480,N324AW,140,136,125,4,0,AUS,PHX,872,5,10,0,NA,0,NA,NA,NA,NA,NA
1996,1,4,4,1435,1435,1600,1551,HP,480,N304AW,145,136,132,9,0,AUS,PHX,872,3,10,0,NA,0,NA,NA,NA,NA,NA
1996,1,5,5,1431,1435,1542,1551,HP,480,N166AW,131,136,119,-9,-4,AUS,PHX,872,6,6,0,NA,0,NA,NA,NA,NA,NA
1996,1,6,6,1432,1435,1554,1551,HP,480,N150AW,142,136,128,3,-3,AUS,PHX,872,4,10,0,NA,0,NA,NA,NA,NA,NA
1996,1,7,7,1434,1435,1544,1551,HP,480,112,130,136,121,-7,-1,AUS,PHX,872,2,7,0,NA,0,NA,NA,NA,NA,NA
1996,1,8,1,NA,1435,NA,1551,HP,480,N150AW,NA,136,NA,NA,NA,AUS,PHX,872,0,0,1,NA,0,NA,NA,NA,NA,NA
1996,1,9,2,NA,1435,NA,1551,HP,480,N313AW,NA,136,NA,NA,NA,AUS,PHX,872,0,0,1,NA,0,NA,NA,NA,NA,NA
1996,1,10,3,1431,1435,1546,1551,HP,480,N156AW,135,136,122,-5,-4,AUS,PHX,872,3,10,0,NA,0,NA,NA,NA,NA,NA
1996,1,11,4,1435,1435,1545,1551,HP,480,N167AW,130,136,114,-6,0,AUS,PHX,872,8,8,0,NA,0,NA,NA,NA,NA,NA
1996,1,12,5,1438,1435,1547,1551,HP,480,N323AW,129,136,106,-4,3,AUS,PHX,872,10,13,0,NA,0,NA,NA,NA,NA,NA
1996,1,13,6,1432,1435,1548,1551,HP,480,N172AW,136,136,124,-3,-3,AUS,PHX,872,4,8,0,NA,0,NA,NA,NA,NA,NA
1996,1,14,7,1433,1435,1557,1551,HP,480,N173AW,144,136,129,6,-2,AUS,PHX,872,5,10,0,NA,0,NA,NA,NA,NA,NA
1996,1,15,1,1433,1435,1546,1551,HP,480,N324AW,133,136,121,-5,-2,AUS,PHX,872,5,7,0,NA,0,NA,NA,NA,NA,NA
1996,1,16,2,1433,1435,1552,1551,HP,480,N328AW,139,136,124,1,-2,AUS,PHX,872,5,10,0,NA,0,NA,NA,NA,NA,NA
1996,1,17,3,1434,1435,1612,1551,HP,480,N313AW,158,136,146,21,-1,AUS,PHX,872,3,9,0,NA,0,NA,NA,NA,NA,NA
1996,1,18,4,1431,1435,1604,1551,HP,480,N322AW,153,136,142,13,-4,AUS,PHX,872,4,7,0,NA,0,NA,NA,NA,NA,NA
1996,1,19,5,1447,1435,1612,1551,HP,480,N311AW,145,136,133,21,12,AUS,PHX,872,4,8,0,NA,0,NA,NA,NA,NA,NA
1996,1,20,6,NA,1435,NA,1551,HP,480,N307AW,NA,136,NA,NA,NA,AUS,PHX,872,0,0,1,NA,0,NA,NA,NA,NA,NA
1996,1,21,7,1434,1435,1551,1551,HP,480,N151AW,137,136,121,0,-1,AUS,PHX,872,6,10,0,NA,0,NA,NA,NA,NA,NA
1996,1,22,1,1431,1435,1552,1551,HP,480,N509DC,141,136,124,1,-4,AUS,PHX,872,5,12,0,NA,0,NA,NA,NA,NA,NA
1996,1,23,2,1433,1435,1552,1551,HP,480,N309AW,139,136,131,1,-2,AUS,PHX,872,2,6,0,NA,0,NA,NA,NA,NA,NA
1996,1,24,3,1434,1435,1606,1551,HP,480,N156AW,152,136,138,15,-1,AUS,PHX,872,6,8,0,NA,0,NA,NA,NA,NA,NA
1996,1,25,4,1432,1435,1611,1551,HP,480,N302AW,159,136,140,20,-3,AUS,PHX,872,9,10,0,NA,0,NA,NA,NA,NA,NA
1996,1,26,5,1435,1435,1600,1551,HP,480,N311AW,145,136,133,9,0,AUS,PHX,872,4,8,0,NA,0,NA,NA,NA,NA,NA
1996,1,27,6,1431,1435,1548,1551,HP,480,N309AW,137,136,123,-3,-4,AUS,PHX,872,5,9,0,NA,0,NA,NA,NA,NA,NA
1996,1,28,7,1434,1435,1559,1551,HP,480,N313AW,145,136,134,8,-1,AUS,PHX,872,4,7,0,NA,0,NA,NA,NA,NA,NA
1996,1,29,1,1431,1435,1554,1551,HP,480,N327AW,143,136,123,3,-4,AUS,PHX,872,6,14,0,NA,0,NA,NA,NA,NA,NA
1996,1,30,2,1431,1435,1549,1551,HP,480,N305AW,138,136,126,-2,-4,AUS,PHX,872,4,8,0,NA,0,NA,NA,NA,NA,NA
1996,1,31,3,1432,1435,1554,1551,HP,480,N314AW,142,136,133,3,-3,AUS,PHX,872,3,6,0,NA,0,NA,NA,NA,NA,NA
1996,1,1,1,710,710,829,833,HP,889,N303AW,139,143,128,-4,0,AUS,PHX,872,1,10,0,NA,0,NA,NA,NA,NA,NA
1996,1,2,2,710,710,836,833,HP,889,N169AW,146,143,128,3,0,AUS,PHX,872,3,15,0,NA,0,NA,NA,NA,NA,NA
1996,1,3,3,710,710,835,833,HP,889,N302AW,145,143,131,2,0,AUS,PHX,872,5,9,0,NA,0,NA,NA,NA,NA,NA
1996,1,4,4,710,710,834,833,HP,889,N175AW,144,143,130,1,0,AUS,PHX,872,6,8,0,NA,0,NA,NA,NA,NA,NA
1996,1,5,5,713,710,837,833,HP,889,N169AW,144,143,128,4,3,AUS,PHX,872,10,6,0,NA,0,NA,NA,NA,NA,NA
1996,1,6,6,711,710,833,833,HP,889,N308AW,142,143,133,0,1,AUS,PHX,872,3,6,0,NA,0,NA,NA,NA,NA,NA
1996,1,7,7,715,710,831,833,HP,889,N169AW,136,143,124,-2,5,AUS,PHX,872,4,8,0,NA,0,NA,NA,NA,NA,NA
1996,1,8,1,710,710,829,833,HP,889,N167AW,139,143,123,-4,0,AUS,PHX,872,4,12,0,NA,0,NA,NA,NA,NA,NA
1996,1,9,2,710,710,836,833,HP,889,N151AW,146,143,130,3,0,AUS,PHX,872,6,10,0,NA,0,NA,NA,NA,NA,NA
1996,1,10,3,708,710,825,833,HP,889,N314AW,137,143,125,-8,-2,AUS,PHX,872,5,7,0,NA,0,NA,NA,NA,NA,NA
1996,1,11,4,718,710,834,833,HP,889,112,136,143,125,1,8,AUS,PHX,872,3,8,0,NA,0,NA,NA,NA,NA,NA
1996,1,12,5,707,710,820,833,HP,889,N168AW,133,143,123,-13,-3,AUS,PHX,872,4,6,0,NA,0,NA,NA,NA,NA,NA
1996,1,13,6,710,710,823,833,HP,889,N175AW,133,143,123,-10,0,AUS,PHX,872,2,8,0,NA,0,NA,NA,NA,NA,NA
1996,1,14,7,723,710,846,833,HP,889,N160AW,143,143,130,13,13,AUS,PHX,872,3,10,0,NA,0,NA,NA,NA,NA,NA
1996,1,15,1,703,710,826,833,HP,889,N306AW,143,143,124,-7,-7,AUS,PHX,872,5,14,0,NA,0,NA,NA,NA,NA,NA
1996,1,16,2,710,710,835,833,HP,889,N315AW,145,143,130,2,0,AUS,PHX,872,3,12,0,NA,0,NA,NA,NA,NA,NA
1996,1,17,3,708,710,855,833,HP,889,N151AW,167,143,150,22,-2,AUS,PHX,872,5,12,0,NA,0,NA,NA,NA,NA,NA
1996,1,18,4,715,710,902,833,HP,889,N315AW,167,143,147,29,5,AUS,PHX,872,4,16,0,NA,0,NA,NA,NA,NA,NA
1996,1,19,5,708,710,832,833,HP,889,N315AW,144,143,135,-1,-2,AUS,PHX,872,3,6,0,NA,0,NA,NA,NA,NA,NA
1996,1,20,6,720,710,854,833,HP,889,N326AW,154,143,142,21,10,AUS,PHX,872,3,9,0,NA,0,NA,NA,NA,NA,NA
1996,1,21,7,708,710,824,833,HP,889,N155AW,136,143,128,-9,-2,AUS,PHX,872,2,6,0,NA,0,NA,NA,NA,NA,NA
1996,1,22,1,720,710,841,833,HP,889,N304AW,141,143,129,8,10,AUS,PHX,872,4,8,0,NA,0,NA,NA,NA,NA,NA
1996,1,23,2,710,710,901,833,HP,889,N155AW,171,143,155,28,0,AUS,PHX,872,3,13,0,NA,0,NA,NA,NA,NA,NA
1996,1,24,3,717,710,850,833,HP,889,N322AW,153,143,140,17,7,AUS,PHX,872,3,10,0,NA,0,NA,NA,NA,NA,NA
1996,1,25,4,710,710,831,833,HP,889,N167AW,141,143,132,-2,0,AUS,PHX,872,2,7,0,NA,0,NA,NA,NA,NA,NA
1996,1,26,5,708,710,834,833,HP,889,N174AW,146,143,133,1,-2,AUS,PHX,872,2,11,0,NA,0,NA,NA,NA,NA,NA
1996,1,27,6,710,710,832,833,HP,889,N168AW,142,143,133,-1,0,AUS,PHX,872,3,6,0,NA,0,NA,NA,NA,NA,NA
1996,1,28,7,706,710,828,833,HP,889,N326AW,142,143,131,-5,-4,AUS,PHX,872,2,9,0,NA,0,NA,NA,NA,NA,NA
1996,1,29,1,706,710,841,833,HP,889,N158AW,155,143,122,8,-4,AUS,PHX,872,22,11,0,NA,0,NA,NA,NA,NA,NA
1996,1,30,2,706,710,834,833,HP,889,N326AW,148,143,134,1,-4,AUS,PHX,872,3,11,0,NA,0,NA,NA,NA,NA,NA
1996,1,31,3,710,710,834,833,HP,889,N311AW,144,143,134,1,0,AUS,PHX,872,3,7,0,NA,0,NA,NA,NA,NA,NA
1996,1,2,2,715,715,831,840,WN,403,N600,136,145,129,-9,0,AUS,PHX,872,2,5,0,NA,0,NA,NA,NA,NA,NA
1996,1,3,3,715,715,837,840,WN,403,N325,142,145,134,-3,0,AUS,PHX,872,2,6,0,NA,0,NA,NA,NA,NA,NA
1996,1,4,4,715,715,842,840,WN,403,N373,147,145,136,2,0,AUS,PHX,872,2,9,0,NA,0,NA,NA,NA,NA,NA
1996,1,5,5,715,715,840,840,WN,403,N383,145,145,133,0,0,AUS,PHX,872,3,9,0,NA,0,NA,NA,NA,NA,NA
1996,1,6,6,715,715,827,840,WN,403,N314,132,145,125,-13,0,AUS,PHX,872,2,5,0,NA,0,NA,NA,NA,NA,NA
1996,1,7,7,715,715,825,840,WN,403,N354,130,145,122,-15,0,AUS,PHX,872,2,6,0,NA,0,NA,NA,NA,NA,NA
1996,1,8,1,715,715,829,840,WN,403,N674,134,145,122,-11,0,AUS,PHX,872,2,10,0,NA,0,NA,NA,NA,NA,NA
1996,1,9,2,715,715,834,840,WN,403,N333,139,145,128,-6,0,AUS,PHX,872,2,9,0,NA,0,NA,NA,NA,NA,NA
1996,1,10,3,715,715,838,840,WN,403,N335,143,145,132,-2,0,AUS,PHX,872,2,9,0,NA,0,NA,NA,NA,NA,NA
1996,1,11,4,715,715,836,840,WN,403,N305,141,145,130,-4,0,AUS,PHX,872,5,6,0,NA,0,NA,NA,NA,NA,NA
1996,1,12,5,715,715,822,840,WN,403,N332,127,145,117,-18,0,AUS,PHX,872,2,8,0,NA,0,NA,NA,NA,NA,NA
1996,1,13,6,715,715,827,840,WN,403,N693,132,145,125,-13,0,AUS,PHX,872,2,5,0,NA,0,NA,NA,NA,NA,NA
1996,1,14,7,715,715,836,840,WN,403,N385,141,145,133,-4,0,AUS,PHX,872,3,5,0,NA,0,NA,NA,NA,NA,NA
1996,1,15,1,715,715,828,840,WN,403,N669,133,145,125,-12,0,AUS,PHX,872,3,5,0,NA,0,NA,NA,NA,NA,NA
1996,1,16,2,715,715,837,840,WN,403,N696,142,145,134,-3,0,AUS,PHX,872,2,6,0,NA,0,NA,NA,NA,NA,NA
1996,1,17,3,715,715,902,840,WN,403,N394,167,145,152,22,0,AUS,PHX,872,4,11,0,NA,0,NA,NA,NA,NA,NA
1996,1,18,4,715,715,844,840,WN,403,N667,149,145,141,4,0,AUS,PHX,872,3,5,0,NA,0,NA,NA,NA,NA,NA
1996,1,19,5,715,715,840,840,WN,403,N305,145,145,135,0,0,AUS,PHX,872,5,5,0,NA,0,NA,NA,NA,NA,NA
1996,1,20,6,715,715,846,840,WN,403,N328,151,145,144,6,0,AUS,PHX,872,2,5,0,NA,0,NA,NA,NA,NA,NA
1996,1,21,7,715,715,839,840,WN,403,N319,144,145,133,-1,0,AUS,PHX,872,3,8,0,NA,0,NA,NA,NA,NA,NA
1996,1,22,1,715,715,834,840,WN,403,N399,139,145,125,-6,0,AUS,PHX,872,5,9,0,NA,0,NA,NA,NA,NA,NA
1996,1,23,2,715,715,847,840,WN,403,N504,152,145,139,7,0,AUS,PHX,872,4,9,0,NA,0,NA,NA,NA,NA,NA
1996,1,24,3,715,715,842,840,WN,403,N321,147,145,140,2,0,AUS,PHX,872,2,5,0,NA,0,NA,NA,NA,NA,NA
1996,1,25,4,715,715,850,840,WN,403,N388,155,145,140,10,0,AUS,PHX,872,3,12,0,NA,0,NA,NA,NA,NA,NA
1996,1,26,5,715,715,842,840,WN,403,N662,147,145,138,2,0,AUS,PHX,872,2,7,0,NA,0,NA,NA,NA,NA,NA
1996,1,27,6,715,715,840,840,WN,403,N683,145,145,142,0,0,AUS,PHX,872,1,2,0,NA,0,NA,NA,NA,NA,NA
1996,1,28,7,715,715,836,840,WN,403,N325,141,145,130,-4,0,AUS,PHX,872,3,8,0,NA,0,NA,NA,NA,NA,NA
1996,1,29,1,715,715,831,840,WN,403,N353,136,145,124,-9,0,AUS,PHX,872,6,6,0,NA,0,NA,NA,NA,NA,NA
1996,1,30,2,715,715,837,840,WN,403,N304,142,145,134,-3,0,AUS,PHX,872,2,6,0,NA,0,NA,NA,NA,NA,NA
1996,1,31,3,715,715,830,840,WN,403,N24,135,145,127,-10,0,AUS,PHX,872,2,6,0,NA,0,NA,NA,NA,NA,NA
1996,1,1,1,1456,1420,1615,1540,WN,743,N60,139,140,130,35,36,AUS,PHX,872,5,4,0,NA,0,NA,NA,NA,NA,NA
1996,1,2,2,1433,1420,1540,1540,WN,743,N28,127,140,119,0,13,AUS,PHX,872,3,5,0,NA,0,NA,NA,NA,NA,NA
1996,1,3,3,1420,1420,1538,1540,WN,743,N20,138,140,124,-2,0,AUS,PHX,872,4,10,0,NA,0,NA,NA,NA,NA,NA
1996,1,4,4,1420,1420,1540,1540,WN,743,N684,140,140,132,0,0,AUS,PHX,872,3,5,0,NA,0,NA,NA,NA,NA,NA
1996,1,5,5,1437,1420,1554,1540,WN,743,N519,137,140,127,14,17,AUS,PHX,872,4,6,0,NA,0,NA,NA,NA,NA,NA
1996,1,6,6,1436,1420,1554,1540,WN,743,N103,138,140,130,14,16,AUS,PHX,872,2,6,0,NA,0,NA,NA,NA,NA,NA
1996,1,7,7,1420,1420,1530,1540,WN,743,N52,130,140,123,-10,0,AUS,PHX,872,2,5,0,NA,0,NA,NA,NA,NA,NA
1996,1,8,1,1420,1420,1533,1540,WN,743,N87,133,140,125,-7,0,AUS,PHX,872,2,6,0,NA,0,NA,NA,NA,NA,NA
1996,1,9,2,1420,1420,1540,1540,WN,743,N520,140,140,130,0,0,AUS,PHX,872,4,6,0,NA,0,NA,NA,NA,NA,NA
1996,1,10,3,1429,1420,1548,1540,WN,743,N92,139,140,128,8,9,AUS,PHX,872,3,8,0,NA,0,NA,NA,NA,NA,NA
1996,1,11,4,1427,1420,1536,1540,WN,743,N332,129,140,120,-4,7,AUS,PHX,872,5,4,0,NA,0,NA,NA,NA,NA,NA
1996,1,12,5,1455,1420,1554,1540,WN,743,N28,119,140,109,14,35,AUS,PHX,872,2,8,0,NA,0,NA,NA,NA,NA,NA
1996,1,13,6,1420,1420,1537,1540,WN,743,N60,137,140,126,-3,0,AUS,PHX,872,4,7,0,NA,0,NA,NA,NA,NA,NA
1996,1,14,7,1425,1420,1543,1540,WN,743,N521,138,140,125,3,5,AUS,PHX,872,3,10,0,NA,0,NA,NA,NA,NA,NA
1996,1,15,1,1420,1420,1532,1540,WN,743,N89,132,140,125,-8,0,AUS,PHX,872,4,3,0,NA,0,NA,NA,NA,NA,NA
1996,1,16,2,1420,1420,1540,1540,WN,743,N95,140,140,131,0,0,AUS,PHX,872,3,6,0,NA,0,NA,NA,NA,NA,NA
1996,1,17,3,1432,1420,1622,1540,WN,743,N68,170,140,154,42,12,AUS,PHX,872,4,12,0,NA,0,NA,NA,NA,NA,NA
1996,1,18,4,1424,1420,1549,1540,WN,743,N74,145,140,137,9,4,AUS,PHX,872,3,5,0,NA,0,NA,NA,NA,NA,NA
1996,1,19,5,1452,1420,1620,1540,WN,743,N328,148,140,139,40,32,AUS,PHX,872,3,6,0,NA,0,NA,NA,NA,NA,NA
1996,1,20,6,1420,1420,1545,1540,WN,743,N694,145,140,133,5,0,AUS,PHX,872,3,9,0,NA,0,NA,NA,NA,NA,NA
1996,1,21,7,1424,1420,1545,1540,WN,743,N104,141,140,130,5,4,AUS,PHX,872,3,8,0,NA,0,NA,NA,NA,NA,NA
1996,1,22,1,1420,1420,1537,1540,WN,743,N20,137,140,130,-3,0,AUS,PHX,872,3,4,0,NA,0,NA,NA,NA,NA,NA
1996,1,23,2,1420,1420,1547,1540,WN,743,N51,147,140,137,7,0,AUS,PHX,872,4,6,0,NA,0,NA,NA,NA,NA,NA
1996,1,24,3,1452,1420,1634,1540,WN,743,N307,162,140,153,54,32,AUS,PHX,872,3,6,0,NA,0,NA,NA,NA,NA,NA
1996,1,25,4,1420,1420,1540,1540,WN,743,N53,140,140,129,0,0,AUS,PHX,872,2,9,0,NA,0,NA,NA,NA,NA,NA
1996,1,26,5,1434,1420,1602,1540,WN,743,N71,148,140,140,22,14,AUS,PHX,872,3,5,0,NA,0,NA,NA,NA,NA,NA
1996,1,27,6,1420,1420,1544,1540,WN,743,N50,144,140,127,4,0,AUS,PHX,872,4,13,0,NA,0,NA,NA,NA,NA,NA
1996,1,28,7,1420,1420,1533,1540,WN,743,N23,133,140,126,-7,0,AUS,PHX,872,2,5,0,NA,0,NA,NA,NA,NA,NA
1996,1,29,1,1420,1420,1530,1540,WN,743,N29,130,140,123,-10,0,AUS,PHX,872,3,4,0,NA,0,NA,NA,NA,NA,NA
1996,1,30,2,1420,1420,1543,1540,WN,743,N24,143,140,133,3,0,AUS,PHX,872,4,6,0,NA,0,NA,NA,NA,NA,NA
1996,1,31,3,1420,1420,1534,1540,WN,743,N80,134,140,127,-6,0,AUS,PHX,872,3,4,0,NA,0,NA,NA,NA,NA,NA
1996,1,1,1,1710,1710,1833,1830,WN,844,N81,143,140,126,3,0,AUS,PHX,872,10,7,0,NA,0,NA,NA,NA,NA,NA
1996,1,2,2,1824,1710,1933,1830,WN,844,N105,129,140,118,63,74,AUS,PHX,872,5,6,0,NA,0,NA,NA,NA,NA,NA
1996,1,3,3,1805,1710,1920,1830,WN,844,N129,135,140,123,50,55,AUS,PHX,872,4,8,0,NA,0,NA,NA,NA,NA,NA
1996,1,4,4,1714,1710,1837,1830,WN,844,N95,143,140,131,7,4,AUS,PHX,872,5,7,0,NA,0,NA,NA,NA,NA,NA
1996,1,5,5,1729,1710,1840,1830,WN,844,N525,131,140,121,10,19,AUS,PHX,872,5,5,0,NA,0,NA,NA,NA,NA,NA
1996,1,6,6,1800,1710,1913,1830,WN,844,N28,133,140,125,43,50,AUS,PHX,872,4,4,0,NA,0,NA,NA,NA,NA,NA
1996,1,7,7,1720,1710,1827,1830,WN,844,N63,127,140,116,-3,10,AUS,PHX,872,7,4,0,NA,0,NA,NA,NA,NA,NA
1996,1,8,1,1710,1710,1823,1830,WN,844,N526,133,140,120,-7,0,AUS,PHX,872,4,9,0,NA,0,NA,NA,NA,NA,NA
1996,1,9,2,1710,1710,1836,1830,WN,844,N519,146,140,135,6,0,AUS,PHX,872,4,7,0,NA,0,NA,NA,NA,NA,NA
1996,1,10,3,1710,1710,1818,1830,WN,844,N53,128,140,119,-12,0,AUS,PHX,872,3,6,0,NA,0,NA,NA,NA,NA,NA
1996,1,11,4,1906,1710,2013,1830,WN,844,N50,127,140,114,103,116,AUS,PHX,872,3,10,0,NA,0,NA,NA,NA,NA,NA
1996,1,12,5,1710,1710,1818,1830,WN,844,N515,128,140,114,-12,0,AUS,PHX,872,3,11,0,NA,0,NA,NA,NA,NA,NA
1996,1,13,6,1710,1710,1828,1830,WN,844,N23,138,140,127,-2,0,AUS,PHX,872,5,6,0,NA,0,NA,NA,NA,NA,NA
1996,1,14,7,1710,1710,1830,1830,WN,844,N27,140,140,132,0,0,AUS,PHX,872,3,5,0,NA,0,NA,NA,NA,NA,NA
1996,1,15,1,1710,1710,1825,1830,WN,844,N501,135,140,127,-5,0,AUS,PHX,872,3,5,0,NA,0,NA,NA,NA,NA,NA
1996,1,16,2,1710,1710,1820,1830,WN,844,N102,130,140,118,-10,0,AUS,PHX,872,5,7,0,NA,0,NA,NA,NA,NA,NA
1996,1,17,3,1830,1710,2012,1830,WN,844,N26,162,140,148,102,80,AUS,PHX,872,4,10,0,NA,0,NA,NA,NA,NA,NA
1996,1,18,4,1830,1710,2038,1830,WN,844,N59,188,140,180,128,80,AUS,PHX,872,3,5,0,NA,0,NA,NA,NA,NA,NA
1996,1,19,5,1710,1710,1844,1830,WN,844,N57,154,140,135,14,0,AUS,PHX,872,4,15,0,NA,0,NA,NA,NA,NA,NA
1996,1,20,6,1710,1710,1844,1830,WN,844,N23,154,140,142,14,0,AUS,PHX,872,2,10,0,NA,0,NA,NA,NA,NA,NA
1996,1,21,7,1710,1710,1833,1830,WN,844,N85,143,140,130,3,0,AUS,PHX,872,3,10,0,NA,0,NA,NA,NA,NA,NA
1996,1,22,1,1710,1710,1826,1830,WN,844,N102,136,140,128,-4,0,AUS,PHX,872,3,5,0,NA,0,NA,NA,NA,NA,NA
1996,1,23,2,1710,1710,1835,1830,WN,844,N87,145,140,136,5,0,AUS,PHX,872,3,6,0,NA,0,NA,NA,NA,NA,NA
1996,1,24,3,1710,1710,1838,1830,WN,844,N337,148,140,135,8,0,AUS,PHX,872,3,10,0,NA,0,NA,NA,NA,NA,NA
1996,1,25,4,1720,1710,1841,1830,WN,844,N24,141,140,132,11,10,AUS,PHX,872,3,6,0,NA,0,NA,NA,NA,NA,NA
1996,1,26,5,1710,1710,1826,1830,WN,844,N62,136,140,127,-4,0,AUS,PHX,872,5,4,0,NA,0,NA,NA,NA,NA,NA
1996,1,27,6,1710,1710,1836,1830,WN,844,N104,146,140,134,6,0,AUS,PHX,872,3,9,0,NA,0,NA,NA,NA,NA,NA
1996,1,28,7,1710,1710,1846,1830,WN,844,N94,156,140,141,16,0,AUS,PHX,872,5,10,0,NA,0,NA,NA,NA,NA,NA
1996,1,29,1,1710,1710,1829,1830,WN,844,N669,139,140,126,-1,0,AUS,PHX,872,4,9,0,NA,0,NA,NA,NA,NA,NA
1996,1,30,2,1710,1710,1830,1830,WN,844,N87,140,140,130,0,0,AUS,PHX,872,4,6,0,NA,0,NA,NA,NA,NA,NA
1996,1,31,3,1710,1710,1842,1830,WN,844,N90,152,140,137,12,0,AUS,PHX,872,4,11,0,NA,0,NA,NA,NA,NA,NA
1996,1,2,2,815,815,1046,1105,WN,440,N615,211,230,199,-19,0,BNA,PHX,1448,2,10,0,NA,0,NA,NA,NA,NA,NA
1996,1,3,3,815,815,1104,1105,WN,440,N601,229,230,208,-1,0,BNA,PHX,1448,4,17,0,NA,0,NA,NA,NA,NA,NA
1996,1,4,4,815,815,1114,1105,WN,440,N394,239,230,231,9,0,BNA,PHX,1448,3,5,0,NA,0,NA,NA,NA,NA,NA
1996,1,5,5,820,815,1109,1105,WN,440,N603,229,230,215,4,5,BNA,PHX,1448,2,12,0,NA,0,NA,NA,NA,NA,NA
1996,1,6,6,819,815,1113,1105,WN,440,N376,234,230,219,8,4,BNA,PHX,1448,4,11,0,NA,0,NA,NA,NA,NA,NA
1996,1,7,7,815,815,1103,1105,WN,440,N612,228,230,201,-2,0,BNA,PHX,1448,2,25,0,NA,0,NA,NA,NA,NA,NA
1996,1,8,1,815,815,1057,1105,WN,440,N355,222,230,207,-8,0,BNA,PHX,1448,2,13,0,NA,0,NA,NA,NA,NA,NA
1996,1,9,2,815,815,1057,1105,WN,440,N352,222,230,213,-8,0,BNA,PHX,1448,3,6,0,NA,0,NA,NA,NA,NA,NA
1996,1,10,3,815,815,1108,1105,WN,440,N387,233,230,214,3,0,BNA,PHX,1448,4,15,0,NA,0,NA,NA,NA,NA,NA
1996,1,11,4,815,815,1045,1105,WN,440,N603,210,230,200,-20,0,BNA,PHX,1448,3,7,0,NA,0,NA,NA,NA,NA,NA
1996,1,12,5,815,815,1047,1105,WN,440,N315,212,230,193,-18,0,BNA,PHX,1448,4,15,0,NA,0,NA,NA,NA,NA,NA
1996,1,13,6,815,815,1054,1105,WN,440,N349,219,230,202,-11,0,BNA,PHX,1448,2,15,0,NA,0,NA,NA,NA,NA,NA
1996,1,14,7,815,815,1055,1105,WN,440,N376,220,230,209,-10,0,BNA,PHX,1448,3,8,0,NA,0,NA,NA,NA,NA,NA
1996,1,15,1,815,815,1049,1105,WN,440,N348,214,230,203,-16,0,BNA,PHX,1448,4,7,0,NA,0,NA,NA,NA,NA,NA
1996,1,16,2,815,815,1058,1105,WN,440,N683,223,230,210,-7,0,BNA,PHX,1448,3,10,0,NA,0,NA,NA,NA,NA,NA
1996,1,17,3,815,815,1105,1105,WN,440,N372,230,230,220,0,0,BNA,PHX,1448,2,8,0,NA,0,NA,NA,NA,NA,NA
1996,1,18,4,815,815,1050,1105,WN,440,N333,215,230,199,-15,0,BNA,PHX,1448,3,13,0,NA,0,NA,NA,NA,NA,NA
1996,1,19,5,815,815,1127,1105,WN,440,N606,252,230,222,22,0,BNA,PHX,1448,3,27,0,NA,0,NA,NA,NA,NA,NA
1996,1,20,6,815,815,1119,1105,WN,440,N359,244,230,238,14,0,BNA,PHX,1448,1,5,0,NA,0,NA,NA,NA,NA,NA
1996,1,21,7,815,815,1114,1105,WN,440,N366,239,230,227,9,0,BNA,PHX,1448,3,9,0,NA,0,NA,NA,NA,NA,NA
1996,1,22,1,815,815,1114,1105,WN,440,N318,239,230,228,9,0,BNA,PHX,1448,3,8,0,NA,0,NA,NA,NA,NA,NA
1996,1,23,2,815,815,1107,1105,WN,440,N347,232,230,220,2,0,BNA,PHX,1448,4,8,0,NA,0,NA,NA,NA,NA,NA
1996,1,24,3,825,815,1146,1105,WN,440,N389,261,230,251,41,10,BNA,PHX,1448,3,7,0,NA,0,NA,NA,NA,NA,NA
1996,1,25,4,815,815,1110,1105,WN,440,N699,235,230,228,5,0,BNA,PHX,1448,2,5,0,NA,0,NA,NA,NA,NA,NA
1996,1,26,5,815,815,1113,1105,WN,440,N620,238,230,227,8,0,BNA,PHX,1448,3,8,0,NA,0,NA,NA,NA,NA,NA
1996,1,27,6,815,815,1119,1105,WN,440,N698,244,230,237,14,0,BNA,PHX,1448,2,5,0,NA,0,NA,NA,NA,NA,NA
1996,1,28,7,815,815,1112,1105,WN,440,N390,237,230,225,7,0,BNA,PHX,1448,2,10,0,NA,0,NA,NA,NA,NA,NA
1996,1,29,1,815,815,1110,1105,WN,440,N363,235,230,224,5,0,BNA,PHX,1448,2,9,0,NA,0,NA,NA,NA,NA,NA
1996,1,30,2,815,815,1059,1105,WN,440,N379,224,230,214,-6,0,BNA,PHX,1448,3,7,0,NA,0,NA,NA,NA,NA,NA
1996,1,31,3,823,815,1130,1105,WN,440,N332,247,230,226,25,8,BNA,PHX,1448,3,18,0,NA,0,NA,NA,NA,NA,NA
1996,1,1,1,1552,1525,1825,1815,WN,1364,N368,213,230,198,10,27,BNA,PHX,1448,5,10,0,NA,0,NA,NA,NA,NA,NA
1996,1,2,2,1559,1525,1823,1815,WN,1364,N363,204,230,192,8,34,BNA,PHX,1448,5,7,0,NA,0,NA,NA,NA,NA,NA
1996,1,3,3,1550,1525,1829,1815,WN,1364,N342,219,230,204,14,25,BNA,PHX,1448,3,12,0,NA,0,NA,NA,NA,NA,NA
1996,1,4,4,1525,1525,1813,1815,WN,1364,N618,228,230,215,-2,0,BNA,PHX,1448,4,9,0,NA,0,NA,NA,NA,NA,NA
1996,1,5,5,1525,1525,1823,1815,WN,1364,N607,238,230,218,8,0,BNA,PHX,1448,5,15,0,NA,0,NA,NA,NA,NA,NA
1996,1,6,6,1640,1525,NA,1815,WN,1364,N322,NA,230,NA,NA,75,BNA,PHX,1448,0,16,0,NA,1,NA,NA,NA,NA,NA
1996,1,7,7,1539,1525,1824,1815,WN,1364,N692,225,230,196,9,14,BNA,PHX,1448,5,24,0,NA,0,NA,NA,NA,NA,NA
1996,1,8,1,1558,1525,1848,1815,WN,1364,N320,230,230,214,33,33,BNA,PHX,1448,6,10,0,NA,0,NA,NA,NA,NA,NA
1996,1,9,2,1525,1525,1807,1815,WN,1364,N667,222,230,211,-8,0,BNA,PHX,1448,3,8,0,NA,0,NA,NA,NA,NA,NA
1996,1,10,3,1525,1525,1812,1815,WN,1364,N688,227,230,209,-3,0,BNA,PHX,1448,3,15,0,NA,0,NA,NA,NA,NA,NA
1996,1,11,4,1540,1525,1800,1815,WN,1364,N684,200,230,190,-15,15,BNA,PHX,1448,4,6,0,NA,0,NA,NA,NA,NA,NA
1996,1,12,5,1525,1525,1750,1815,WN,1364,N602,205,230,191,-25,0,BNA,PHX,1448,5,9,0,NA,0,NA,NA,NA,NA,NA
1996,1,13,6,1525,1525,1754,1815,WN,1364,N619,209,230,196,-21,0,BNA,PHX,1448,4,9,0,NA,0,NA,NA,NA,NA,NA
1996,1,14,7,1525,1525,1800,1815,WN,1364,N602,215,230,199,-15,0,BNA,PHX,1448,5,11,0,NA,0,NA,NA,NA,NA,NA
1996,1,15,1,1525,1525,1809,1815,WN,1364,N680,224,230,209,-6,0,BNA,PHX,1448,2,13,0,NA,0,NA,NA,NA,NA,NA
1996,1,16,2,1525,1525,1800,1815,WN,1364,N395,215,230,204,-15,0,BNA,PHX,1448,3,8,0,NA,0,NA,NA,NA,NA,NA
1996,1,17,3,1549,1525,1834,1815,WN,1364,N367,225,230,212,19,24,BNA,PHX,1448,4,9,0,NA,0,NA,NA,NA,NA,NA
1996,1,18,4,1535,1525,1836,1815,WN,1364,N677,241,230,226,21,10,BNA,PHX,1448,3,12,0,NA,0,NA,NA,NA,NA,NA
1996,1,19,5,1544,1525,1835,1815,WN,1364,N374,231,230,219,20,19,BNA,PHX,1448,4,8,0,NA,0,NA,NA,NA,NA,NA
1996,1,20,6,1525,1525,1829,1815,WN,1364,N609,244,230,232,14,0,BNA,PHX,1448,2,10,0,NA,0,NA,NA,NA,NA,NA
1996,1,21,7,1525,1525,1829,1815,WN,1364,N670,244,230,227,14,0,BNA,PHX,1448,3,14,0,NA,0,NA,NA,NA,NA,NA
1996,1,22,1,1525,1525,1829,1815,WN,1364,N346,244,230,230,14,0,BNA,PHX,1448,5,9,0,NA,0,NA,NA,NA,NA,NA
1996,1,23,2,1530,1525,1829,1815,WN,1364,N341,239,230,225,14,5,BNA,PHX,1448,5,9,0,NA,0,NA,NA,NA,NA,NA
1996,1,24,3,1525,1525,1818,1815,WN,1364,N679,233,230,223,3,0,BNA,PHX,1448,3,7,0,NA,0,NA,NA,NA,NA,NA
1996,1,25,4,1525,1525,1819,1815,WN,1364,N353,234,230,222,4,0,BNA,PHX,1448,3,9,0,NA,0,NA,NA,NA,NA,NA
1996,1,26,5,1525,1525,1824,1815,WN,1364,N363,239,230,223,9,0,BNA,PHX,1448,6,10,0,NA,0,NA,NA,NA,NA,NA
1996,1,27,6,1525,1525,1821,1815,WN,1364,N380,236,230,222,6,0,BNA,PHX,1448,4,10,0,NA,0,NA,NA,NA,NA,NA
1996,1,28,7,1525,1525,1815,1815,WN,1364,N691,230,230,218,0,0,BNA,PHX,1448,7,5,0,NA,0,NA,NA,NA,NA,NA
1996,1,29,1,1525,1525,1820,1815,WN,1364,N697,235,230,220,5,0,BNA,PHX,1448,5,10,0,NA,0,NA,NA,NA,NA,NA
1996,1,30,2,1525,1525,1815,1815,WN,1364,N373,230,230,219,0,0,BNA,PHX,1448,3,8,0,NA,0,NA,NA,NA,NA,NA
1996,1,31,3,1530,1525,1815,1815,WN,1364,N368,225,230,214,0,5,BNA,PHX,1448,2,9,0,NA,0,NA,NA,NA,NA,NA
1996,1,1,1,1014,1010,1233,1227,HP,221,N172AW,79,77,65,6,4,BUR,PHX,369,8,6,0,NA,0,NA,NA,NA,NA,NA
1996,1,2,2,1010,1010,1236,1227,HP,221,N166AW,86,77,68,9,0,BUR,PHX,369,4,14,0,NA,0,NA,NA,NA,NA,NA
1996,1,3,3,1041,1010,1255,1227,HP,221,N316AW,74,77,66,28,31,BUR,PHX,369,3,5,0,NA,0,NA,NA,NA,NA,NA
1996,1,4,4,1015,1010,1230,1227,HP,221,N308AW,75,77,59,3,5,BUR,PHX,369,6,10,0,NA,0,NA,NA,NA,NA,NA
1996,1,5,5,1008,1010,1227,1227,HP,221,N313AW,79,77,66,0,-2,BUR,PHX,369,2,11,0,NA,0,NA,NA,NA,NA,NA
1996,1,6,6,1010,1010,1232,1227,HP,221,N311AW,82,77,61,5,0,BUR,PHX,369,9,12,0,NA,0,NA,NA,NA,NA,NA
1996,1,7,7,1010,1010,1226,1227,HP,221,N165AW,76,77,63,-1,0,BUR,PHX,369,2,11,0,NA,0,NA,NA,NA,NA,NA
1996,1,8,1,1010,1010,1225,1227,HP,221,N328AW,75,77,57,-2,0,BUR,PHX,369,3,15,0,NA,0,NA,NA,NA,NA,NA
1996,1,9,2,1016,1010,1228,1227,HP,221,N304AW,72,77,60,1,6,BUR,PHX,369,4,8,0,NA,0,NA,NA,NA,NA,NA
1996,1,10,3,1008,1010,1226,1227,HP,221,N314AW,78,77,60,-1,-2,BUR,PHX,369,7,11,0,NA,0,NA,NA,NA,NA,NA
1996,1,11,4,1013,1010,1235,1227,HP,221,N324AW,82,77,67,8,3,BUR,PHX,369,4,11,0,NA,0,NA,NA,NA,NA,NA
1996,1,12,5,1008,1010,1229,1227,HP,221,N322AW,81,77,66,2,-2,BUR,PHX,369,3,12,0,NA,0,NA,NA,NA,NA,NA
1996,1,13,6,1010,1010,1225,1227,HP,221,N302AW,75,77,58,-2,0,BUR,PHX,369,7,10,0,NA,0,NA,NA,NA,NA,NA
1996,1,14,7,1008,1010,1222,1227,HP,221,N306AW,74,77,60,-5,-2,BUR,PHX,369,5,9,0,NA,0,NA,NA,NA,NA,NA
1996,1,15,1,1010,1010,1228,1227,HP,221,N315AW,78,77,60,1,0,BUR,PHX,369,3,15,0,NA,0,NA,NA,NA,NA,NA
1996,1,16,2,1009,1010,1223,1227,HP,221,N316AW,74,77,54,-4,-1,BUR,PHX,369,4,16,0,NA,0,NA,NA,NA,NA,NA
1996,1,17,3,1016,1010,1232,1227,HP,221,N175AW,76,77,62,5,6,BUR,PHX,369,5,9,0,NA,0,NA,NA,NA,NA,NA
1996,1,18,4,1018,1010,1233,1227,HP,221,N325AW,75,77,60,6,8,BUR,PHX,369,3,12,0,NA,0,NA,NA,NA,NA,NA
1996,1,19,5,1010,1010,1230,1227,HP,221,N509DC,80,77,51,3,0,BUR,PHX,369,5,24,0,NA,0,NA,NA,NA,NA,NA
1996,1,20,6,1014,1010,1230,1227,HP,221,N160AW,76,77,60,3,4,BUR,PHX,369,6,10,0,NA,0,NA,NA,NA,NA,NA
1996,1,21,7,1013,1010,1225,1227,HP,221,N174AW,72,77,59,-2,3,BUR,PHX,369,4,9,0,NA,0,NA,NA,NA,NA,NA
1996,1,22,1,1030,1010,1245,1227,HP,221,N172AW,75,77,61,18,20,BUR,PHX,369,3,11,0,NA,0,NA,NA,NA,NA,NA
1996,1,23,2,1010,1010,1230,1227,HP,221,N314AW,80,77,62,3,0,BUR,PHX,369,6,12,0,NA,0,NA,NA,NA,NA,NA
1996,1,24,3,1029,1010,1244,1227,HP,221,N308AW,75,77,61,17,19,BUR,PHX,369,4,10,0,NA,0,NA,NA,NA,NA,NA
1996,1,25,4,1014,1010,1231,1227,HP,221,N149AW,77,77,64,4,4,BUR,PHX,369,3,10,0,NA,0,NA,NA,NA,NA,NA
1996,1,26,5,1008,1010,1220,1227,HP,221,N509DC,72,77,57,-7,-2,BUR,PHX,369,3,12,0,NA,0,NA,NA,NA,NA,NA
1996,1,27,6,1010,1010,1225,1227,HP,221,N307AW,75,77,60,-2,0,BUR,PHX,369,5,10,0,NA,0,NA,NA,NA,NA,NA
1996,1,28,7,1009,1010,1230,1227,HP,221,112,81,77,67,3,-1,BUR,PHX,369,5,9,0,NA,0,NA,NA,NA,NA,NA
1996,1,29,1,1006,1010,1227,1227,HP,221,N315AW,81,77,65,0,-4,BUR,PHX,369,3,13,0,NA,0,NA,NA,NA,NA,NA
1996,1,30,2,1027,1010,1240,1227,HP,221,N323AW,73,77,60,13,17,BUR,PHX,369,3,10,0,NA,0,NA,NA,NA,NA,NA
1996,1,31,3,1034,1010,1248,1227,HP,221,N316AW,74,77,57,21,24,BUR,PHX,369,4,13,0,NA,0,NA,NA,NA,NA,NA
1996,1,1,1,1512,1512,1729,1730,HP,460,N302AW,77,78,60,-1,0,BUR,PHX,369,6,11,0,NA,0,NA,NA,NA,NA,NA
1996,1,2,2,1512,1512,1735,1730,HP,460,N314AW,83,78,66,5,0,BUR,PHX,369,6,11,0,NA,0,NA,NA,NA,NA,NA
1996,1,3,3,1520,1512,1737,1730,HP,460,N322AW,77,78,59,7,8,BUR,PHX,369,4,14,0,NA,0,NA,NA,NA,NA,NA
1996,1,4,4,1512,1512,1732,1730,HP,460,N306AW,80,78,65,2,0,BUR,PHX,369,6,9,0,NA,0,NA,NA,NA,NA,NA
1996,1,5,5,1512,1512,1728,1730,HP,460,N165AW,76,78,65,-2,0,BUR,PHX,369,3,8,0,NA,0,NA,NA,NA,NA,NA
1996,1,6,6,1510,1512,1726,1730,HP,460,N156AW,76,78,58,-4,-2,BUR,PHX,369,9,9,0,NA,0,NA,NA,NA,NA,NA
1996,1,7,7,1520,1512,1744,1730,HP,460,N316AW,84,78,62,14,8,BUR,PHX,369,5,17,0,NA,0,NA,NA,NA,NA,NA
1996,1,8,1,1612,1512,1842,1730,HP,460,N165AW,90,78,68,72,60,BUR,PHX,369,4,18,0,NA,0,NA,NA,NA,NA,NA
1996,1,9,2,1510,1512,1724,1730,HP,460,N325AW,74,78,62,-6,-2,BUR,PHX,369,4,8,0,NA,0,NA,NA,NA,NA,NA
1996,1,10,3,1510,1512,1726,1730,HP,460,N174AW,76,78,62,-4,-2,BUR,PHX,369,7,7,0,NA,0,NA,NA,NA,NA,NA
1996,1,11,4,1510,1512,1738,1730,HP,460,N302AW,88,78,65,8,-2,BUR,PHX,369,8,15,0,NA,0,NA,NA,NA,NA,NA
1996,1,12,5,1519,1512,1735,1730,HP,460,N316AW,76,78,62,5,7,BUR,PHX,369,3,11,0,NA,0,NA,NA,NA,NA,NA
1996,1,13,6,NA,1512,NA,1730,HP,460,N155AW,NA,78,NA,NA,NA,BUR,PHX,369,0,0,1,NA,0,NA,NA,NA,NA,NA
1996,1,14,7,1511,1512,1726,1730,HP,460,N309AW,75,78,62,-4,-1,BUR,PHX,369,3,10,0,NA,0,NA,NA,NA,NA,NA
1996,1,15,1,1517,1512,1730,1730,HP,460,N157AW,73,78,58,0,5,BUR,PHX,369,5,10,0,NA,0,NA,NA,NA,NA,NA
1996,1,16,2,1512,1512,1732,1730,HP,460,N509DC,80,78,65,2,0,BUR,PHX,369,3,12,0,NA,0,NA,NA,NA,NA,NA
1996,1,17,3,1517,1512,1740,1730,HP,460,N160AW,83,78,63,10,5,BUR,PHX,369,11,9,0,NA,0,NA,NA,NA,NA,NA
1996,1,18,4,1520,1512,1738,1730,HP,460,N150AW,78,78,58,8,8,BUR,PHX,369,4,16,0,NA,0,NA,NA,NA,NA,NA
1996,1,19,5,1642,1512,1859,1730,HP,460,N303AW,77,78,59,89,90,BUR,PHX,369,6,12,0,NA,0,NA,NA,NA,NA,NA
1996,1,20,6,1508,1512,1730,1730,HP,460,N172AW,82,78,65,0,-4,BUR,PHX,369,5,12,0,NA,0,NA,NA,NA,NA,NA
1996,1,21,7,1520,1512,1732,1730,HP,460,N325AW,72,78,57,2,8,BUR,PHX,369,8,7,0,NA,0,NA,NA,NA,NA,NA
1996,1,22,1,1515,1512,1727,1730,HP,460,N315AW,72,78,59,-3,3,BUR,PHX,369,6,7,0,NA,0,NA,NA,NA,NA,NA
1996,1,23,2,1512,1512,1731,1730,HP,460,N324AW,79,78,61,1,0,BUR,PHX,369,4,14,0,NA,0,NA,NA,NA,NA,NA
1996,1,24,3,1512,1512,1728,1730,HP,460,N323AW,76,78,66,-2,0,BUR,PHX,369,2,8,0,NA,0,NA,NA,NA,NA,NA
1996,1,25,4,1512,1512,1734,1730,HP,460,N307AW,82,78,63,4,0,BUR,PHX,369,7,12,0,NA,0,NA,NA,NA,NA,NA
1996,1,26,5,1532,1512,1744,1730,HP,460,112,72,78,59,14,20,BUR,PHX,369,3,10,0,NA,0,NA,NA,NA,NA,NA
1996,1,27,6,1511,1512,1723,1730,HP,460,N305AW,72,78,55,-7,-1,BUR,PHX,369,8,9,0,NA,0,NA,NA,NA,NA,NA
1996,1,28,7,1512,1512,1730,1730,HP,460,N316AW,78,78,63,0,0,BUR,PHX,369,5,10,0,NA,0,NA,NA,NA,NA,NA
1996,1,29,1,1515,1512,1730,1730,HP,460,N307AW,75,78,57,0,3,BUR,PHX,369,6,12,0,NA,0,NA,NA,NA,NA,NA
1996,1,30,2,1512,1512,1728,1730,HP,460,N509DC,76,78,61,-2,0,BUR,PHX,369,4,11,0,NA,0,NA,NA,NA,NA,NA
1996,1,31,3,1512,1512,1741,1730,HP,460,N328AW,89,78,69,11,0,BUR,PHX,369,5,15,0,NA,0,NA,NA,NA,NA,NA
1996,1,1,1,713,714,935,932,HP,1404,N315AW,82,78,61,3,-1,BUR,PHX,369,12,9,0,NA,0,NA,NA,NA,NA,NA
1996,1,2,2,712,714,938,932,HP,1404,N315AW,86,78,62,6,-2,BUR,PHX,369,3,21,0,NA,0,NA,NA,NA,NA,NA
1996,1,3,3,746,714,955,932,HP,1404,N155AW,69,78,56,23,32,BUR,PHX,369,3,10,0,NA,0,NA,NA,NA,NA,NA
1996,1,4,4,711,714,918,932,HP,1404,N151AW,67,78,53,-14,-3,BUR,PHX,369,4,10,0,NA,0,NA,NA,NA,NA,NA
1996,1,5,5,713,714,937,932,HP,1404,N157AW,84,78,61,5,-1,BUR,PHX,369,4,19,0,NA,0,NA,NA,NA,NA,NA
1996,1,6,6,714,714,931,932,HP,1404,N305AW,77,78,62,-1,0,BUR,PHX,369,4,11,0,NA,0,NA,NA,NA,NA,NA
1996,1,7,7,710,714,927,932,HP,1404,N322AW,77,78,58,-5,-4,BUR,PHX,369,7,12,0,NA,0,NA,NA,NA,NA,NA
1996,1,8,1,713,714,929,932,HP,1404,N307AW,76,78,46,-3,-1,BUR,PHX,369,7,23,0,NA,0,NA,NA,NA,NA,NA
1996,1,9,2,714,714,955,932,HP,1404,N160AW,101,78,73,23,0,BUR,PHX,369,17,11,0,NA,0,NA,NA,NA,NA,NA
1996,1,10,3,714,714,924,932,HP,1404,N311AW,70,78,59,-8,0,BUR,PHX,369,3,8,0,NA,0,NA,NA,NA,NA,NA
1996,1,11,4,713,714,935,932,HP,1404,N304AW,82,78,67,3,-1,BUR,PHX,369,7,8,0,NA,0,NA,NA,NA,NA,NA
1996,1,12,5,714,714,931,932,HP,1404,N151AW,77,78,66,-1,0,BUR,PHX,369,3,8,0,NA,0,NA,NA,NA,NA,NA
1996,1,13,6,710,714,938,932,HP,1404,N150AW,88,78,67,6,-4,BUR,PHX,369,3,18,0,NA,0,NA,NA,NA,NA,NA
1996,1,14,7,712,714,932,932,HP,1404,N302AW,80,78,55,0,-2,BUR,PHX,369,15,10,0,NA,0,NA,NA,NA,NA,NA
1996,1,15,1,714,714,923,932,HP,1404,N168AW,69,78,53,-9,0,BUR,PHX,369,5,11,0,NA,0,NA,NA,NA,NA,NA
1996,1,16,2,714,714,924,932,HP,1404,N167AW,70,78,53,-8,0,BUR,PHX,369,4,13,0,NA,0,NA,NA,NA,NA,NA
1996,1,17,3,720,714,943,932,HP,1404,N169AW,83,78,63,11,6,BUR,PHX,369,4,16,0,NA,0,NA,NA,NA,NA,NA
1996,1,18,4,714,714,928,932,HP,1404,N166AW,74,78,59,-4,0,BUR,PHX,369,4,11,0,NA,0,NA,NA,NA,NA,NA
1996,1,19,5,712,714,939,932,HP,1404,N316AW,87,78,56,7,-2,BUR,PHX,369,15,16,0,NA,0,NA,NA,NA,NA,NA
1996,1,20,6,710,714,938,932,HP,1404,N156AW,88,78,68,6,-4,BUR,PHX,369,3,17,0,NA,0,NA,NA,NA,NA,NA
1996,1,21,7,713,714,924,932,HP,1404,N160AW,71,78,52,-8,-1,BUR,PHX,369,9,10,0,NA,0,NA,NA,NA,NA,NA
1996,1,22,1,714,714,933,932,HP,1404,N303AW,79,78,64,1,0,BUR,PHX,369,3,12,0,NA,0,NA,NA,NA,NA,NA
1996,1,23,2,711,714,933,932,HP,1404,N327AW,82,78,64,1,-3,BUR,PHX,369,4,14,0,NA,0,NA,NA,NA,NA,NA
1996,1,24,3,712,714,931,932,HP,1404,N165AW,79,78,57,-1,-2,BUR,PHX,369,9,13,0,NA,0,NA,NA,NA,NA,NA
1996,1,25,4,713,714,929,932,HP,1404,N169AW,76,78,57,-3,-1,BUR,PHX,369,3,16,0,NA,0,NA,NA,NA,NA,NA
1996,1,26,5,711,714,929,932,HP,1404,N303AW,78,78,58,-3,-3,BUR,PHX,369,6,14,0,NA,0,NA,NA,NA,NA,NA
1996,1,27,6,710,714,939,932,HP,1404,N167AW,89,78,66,7,-4,BUR,PHX,369,3,20,0,NA,0,NA,NA,NA,NA,NA
1996,1,28,7,715,714,928,932,HP,1404,N173AW,73,78,55,-4,1,BUR,PHX,369,6,12,0,NA,0,NA,NA,NA,NA,NA
1996,1,29,1,714,714,948,932,HP,1404,N168AW,94,78,62,16,0,BUR,PHX,369,12,20,0,NA,0,NA,NA,NA,NA,NA
1996,1,30,2,710,714,947,932,HP,1404,N175AW,97,78,65,15,-4,BUR,PHX,369,3,29,0,NA,0,NA,NA,NA,NA,NA
1996,1,31,3,713,714,953,932,HP,1404,N173AW,100,78,60,21,-1,BUR,PHX,369,22,18,0,NA,0,NA,NA,NA,NA,NA
1996,1,1,1,1740,1740,2004,1956,HP,1649,N150AW,84,76,67,8,0,BUR,PHX,369,6,11,0,NA,0,NA,NA,NA,NA,NA
1996,1,2,2,1742,1740,2006,1956,HP,1649,N164AW,84,76,66,10,2,BUR,PHX,369,6,12,0,NA,0,NA,NA,NA,NA,NA
1996,1,3,3,1753,1740,2013,1956,HP,1649,N324AW,80,76,62,17,13,BUR,PHX,369,10,8,0,NA,0,NA,NA,NA,NA,NA
1996,1,4,4,1738,1740,1950,1956,HP,1649,N304AW,72,76,62,-6,-2,BUR,PHX,369,4,6,0,NA,0,NA,NA,NA,NA,NA
1996,1,5,5,1736,1740,1954,1956,HP,1649,N166AW,78,76,60,-2,-4,BUR,PHX,369,9,9,0,NA,0,NA,NA,NA,NA,NA
1996,1,6,6,1738,1740,2002,1956,HP,1649,N150AW,84,76,65,6,-2,BUR,PHX,369,4,15,0,NA,0,NA,NA,NA,NA,NA
1996,1,7,7,1740,1740,1958,1956,HP,1649,112,78,76,61,2,0,BUR,PHX,369,8,9,0,NA,0,NA,NA,NA,NA,NA
1996,1,8,1,1737,1740,2002,1956,HP,1649,112,85,76,68,6,-3,BUR,PHX,369,4,13,0,NA,0,NA,NA,NA,NA,NA
1996,1,9,2,1739,1740,1957,1956,HP,1649,N164AW,78,76,66,1,-1,BUR,PHX,369,3,9,0,NA,0,NA,NA,NA,NA,NA
1996,1,10,3,1736,1740,1959,1956,HP,1649,N156AW,83,76,70,3,-4,BUR,PHX,369,5,8,0,NA,0,NA,NA,NA,NA,NA
1996,1,11,4,1736,1740,1959,1956,HP,1649,N167AW,83,76,63,3,-4,BUR,PHX,369,8,12,0,NA,0,NA,NA,NA,NA,NA
1996,1,12,5,1740,1740,2006,1956,HP,1649,N323AW,86,76,65,10,0,BUR,PHX,369,6,15,0,NA,0,NA,NA,NA,NA,NA
1996,1,13,6,1740,1740,1956,1956,HP,1649,N172AW,76,76,62,0,0,BUR,PHX,369,6,8,0,NA,0,NA,NA,NA,NA,NA
1996,1,14,7,1740,1740,2001,1956,HP,1649,N173AW,81,76,63,5,0,BUR,PHX,369,5,13,0,NA,0,NA,NA,NA,NA,NA
1996,1,15,1,1738,1740,1952,1956,HP,1649,N324AW,74,76,58,-4,-2,BUR,PHX,369,6,10,0,NA,0,NA,NA,NA,NA,NA
1996,1,16,2,1805,1740,2014,1956,HP,1649,N328AW,69,76,58,18,25,BUR,PHX,369,3,8,0,NA,0,NA,NA,NA,NA,NA
1996,1,17,3,1748,1740,2003,1956,HP,1649,N313AW,75,76,64,7,8,BUR,PHX,369,3,8,0,NA,0,NA,NA,NA,NA,NA
1996,1,18,4,1736,1740,1957,1956,HP,1649,N322AW,81,76,65,1,-4,BUR,PHX,369,8,8,0,NA,0,NA,NA,NA,NA,NA
1996,1,19,5,1753,1740,2005,1956,HP,1649,N311AW,72,76,57,9,13,BUR,PHX,369,6,9,0,NA,0,NA,NA,NA,NA,NA
1996,1,20,6,1737,1740,1946,1956,HP,1649,N309AW,69,76,59,-10,-3,BUR,PHX,369,3,7,0,NA,0,NA,NA,NA,NA,NA
1996,1,21,7,1740,1740,2000,1956,HP,1649,N151AW,80,76,58,4,0,BUR,PHX,369,10,12,0,NA,0,NA,NA,NA,NA,NA
1996,1,22,1,1738,1740,1953,1956,HP,1649,N509DC,75,76,62,-3,-2,BUR,PHX,369,5,8,0,NA,0,NA,NA,NA,NA,NA
1996,1,23,2,1736,1740,1957,1956,HP,1649,N309AW,81,76,58,1,-4,BUR,PHX,369,13,10,0,NA,0,NA,NA,NA,NA,NA
1996,1,24,3,1739,1740,1957,1956,HP,1649,N156AW,78,76,63,1,-1,BUR,PHX,369,7,8,0,NA,0,NA,NA,NA,NA,NA
1996,1,25,4,1740,1740,2002,1956,HP,1649,N302AW,82,76,62,6,0,BUR,PHX,369,12,8,0,NA,0,NA,NA,NA,NA,NA
1996,1,26,5,1737,1740,1956,1956,HP,1649,N311AW,79,76,62,0,-3,BUR,PHX,369,6,11,0,NA,0,NA,NA,NA,NA,NA
1996,1,27,6,1737,1740,1944,1956,HP,1649,N309AW,67,76,53,-12,-3,BUR,PHX,369,4,10,0,NA,0,NA,NA,NA,NA,NA
1996,1,28,7,1738,1740,2007,1956,HP,1649,N169AW,89,76,66,11,-2,BUR,PHX,369,6,17,0,NA,0,NA,NA,NA,NA,NA
1996,1,29,1,1736,1740,1957,1956,HP,1649,N327AW,81,76,60,1,-4,BUR,PHX,369,13,8,0,NA,0,NA,NA,NA,NA,NA
1996,1,30,2,1738,1740,1952,1956,HP,1649,N305AW,74,76,60,-4,-2,BUR,PHX,369,5,9,0,NA,0,NA,NA,NA,NA,NA
1996,1,31,3,1737,1740,1949,1956,HP,1649,N314AW,72,76,55,-7,-3,BUR,PHX,369,9,8,0,NA,0,NA,NA,NA,NA,NA
1996,1,2,2,1134,925,1352,1140,WN,420,N89,78,75,67,132,129,BUR,PHX,369,2,9,0,NA,0,NA,NA,NA,NA,NA
1996,1,3,3,925,925,1140,1140,WN,420,N372,75,75,57,0,0,BUR,PHX,369,7,11,0,NA,0,NA,NA,NA,NA,NA
1996,1,4,4,925,925,1136,1140,WN,420,N354,71,75,60,-4,0,BUR,PHX,369,3,8,0,NA,0,NA,NA,NA,NA,NA
1996,1,5,5,925,925,1140,1140,WN,420,N384,75,75,63,0,0,BUR,PHX,369,2,10,0,NA,0,NA,NA,NA,NA,NA
1996,1,6,6,955,925,1210,1140,WN,420,N677,75,75,61,30,30,BUR,PHX,369,5,9,0,NA,0,NA,NA,NA,NA,NA
1996,1,8,1,933,925,1141,1140,WN,420,N679,68,75,58,1,8,BUR,PHX,369,2,8,0,NA,0,NA,NA,NA,NA,NA
1996,1,9,2,946,925,1147,1140,WN,420,N375,61,75,54,7,21,BUR,PHX,369,2,5,0,NA,0,NA,NA,NA,NA,NA
1996,1,10,3,925,925,1135,1140,WN,420,N343,70,75,60,-5,0,BUR,PHX,369,3,7,0,NA,0,NA,NA,NA,NA,NA
1996,1,11,4,925,925,1139,1140,WN,420,N370,74,75,63,-1,0,BUR,PHX,369,4,7,0,NA,0,NA,NA,NA,NA,NA
1996,1,12,5,925,925,1142,1140,WN,420,N609,77,75,63,2,0,BUR,PHX,369,2,12,0,NA,0,NA,NA,NA,NA,NA
1996,1,13,6,925,925,1140,1140,WN,420,N673,75,75,59,0,0,BUR,PHX,369,4,12,0,NA,0,NA,NA,NA,NA,NA
1996,1,15,1,925,925,1128,1140,WN,420,N605,63,75,54,-12,0,BUR,PHX,369,3,6,0,NA,0,NA,NA,NA,NA,NA
1996,1,16,2,930,925,1134,1140,WN,420,N313,64,75,53,-6,5,BUR,PHX,369,4,7,0,NA,0,NA,NA,NA,NA,NA
1996,1,17,3,925,925,1134,1140,WN,420,N318,69,75,58,-6,0,BUR,PHX,369,4,7,0,NA,0,NA,NA,NA,NA,NA
1996,1,18,4,925,925,1138,1140,WN,420,N342,73,75,61,-2,0,BUR,PHX,369,3,9,0,NA,0,NA,NA,NA,NA,NA
1996,1,19,5,925,925,1125,1140,WN,420,N321,60,75,50,-15,0,BUR,PHX,369,2,8,0,NA,0,NA,NA,NA,NA,NA
1996,1,20,6,925,925,1135,1140,WN,420,N383,70,75,54,-5,0,BUR,PHX,369,3,13,0,NA,0,NA,NA,NA,NA,NA
1996,1,22,1,925,925,1128,1140,WN,420,N692,63,75,57,-12,0,BUR,PHX,369,2,4,0,NA,0,NA,NA,NA,NA,NA
1996,1,23,2,925,925,1133,1140,WN,420,N315,68,75,57,-7,0,BUR,PHX,369,3,8,0,NA,0,NA,NA,NA,NA,NA
1996,1,24,3,925,925,1134,1140,WN,420,N305,69,75,57,-6,0,BUR,PHX,369,4,8,0,NA,0,NA,NA,NA,NA,NA
1996,1,25,4,925,925,1136,1140,WN,420,N347,71,75,57,-4,0,BUR,PHX,369,2,12,0,NA,0,NA,NA,NA,NA,NA
1996,1,26,5,925,925,1136,1140,WN,420,N330,71,75,53,-4,0,BUR,PHX,369,3,15,0,NA,0,NA,NA,NA,NA,NA
1996,1,27,6,925,925,1125,1140,WN,420,N621,60,75,52,-15,0,BUR,PHX,369,3,5,0,NA,0,NA,NA,NA,NA,NA
1996,1,29,1,925,925,1139,1140,WN,420,N336,74,75,66,-1,0,BUR,PHX,369,3,5,0,NA,0,NA,NA,NA,NA,NA
1996,1,30,2,925,925,1129,1140,WN,420,N364,64,75,52,-11,0,BUR,PHX,369,5,7,0,NA,0,NA,NA,NA,NA,NA
1996,1,31,3,925,925,1136,1140,WN,420,N362,71,75,58,-4,0,BUR,PHX,369,3,10,0,NA,0,NA,NA,NA,NA,NA
1996,1,1,1,1400,1400,1611,1615,WN,441,N617,71,75,59,-4,0,BUR,PHX,369,4,8,0,NA,0,NA,NA,NA,NA,NA
1996,1,2,2,1400,1400,1615,1615,WN,441,N608,75,75,62,0,0,BUR,PHX,369,3,10,0,NA,0,NA,NA,NA,NA,NA
1996,1,3,3,1407,1400,1615,1615,WN,441,N669,68,75,58,0,7,BUR,PHX,369,4,6,0,NA,0,NA,NA,NA,NA,NA
1996,1,4,4,1400,1400,1614,1615,WN,441,N344,74,75,65,-1,0,BUR,PHX,369,2,7,0,NA,0,NA,NA,NA,NA,NA
1996,1,5,5,1400,1400,1614,1615,WN,441,N606,74,75,61,-1,0,BUR,PHX,369,2,11,0,NA,0,NA,NA,NA,NA,NA
1996,1,6,6,1414,1400,1635,1615,WN,441,N605,81,75,62,20,14,BUR,PHX,369,3,16,0,NA,0,NA,NA,NA,NA,NA
1996,1,7,7,1400,1400,1610,1615,WN,441,N607,70,75,58,-5,0,BUR,PHX,369,2,10,0,NA,0,NA,NA,NA,NA,NA
1996,1,8,1,1400,1400,1615,1615,WN,441,N368,75,75,64,0,0,BUR,PHX,369,2,9,0,NA,0,NA,NA,NA,NA,NA
1996,1,9,2,1400,1400,1612,1615,WN,441,N601,72,75,62,-3,0,BUR,PHX,369,4,6,0,NA,0,NA,NA,NA,NA,NA
1996,1,10,3,1400,1400,1606,1615,WN,441,N671,66,75,56,-9,0,BUR,PHX,369,3,7,0,NA,0,NA,NA,NA,NA,NA
1996,1,11,4,1400,1400,1614,1615,WN,441,N605,74,75,65,-1,0,BUR,PHX,369,3,6,0,NA,0,NA,NA,NA,NA,NA
1996,1,12,5,1410,1400,1626,1615,WN,441,N677,76,75,64,11,10,BUR,PHX,369,4,8,0,NA,0,NA,NA,NA,NA,NA
1996,1,13,6,1400,1400,1613,1615,WN,441,N603,73,75,63,-2,0,BUR,PHX,369,3,7,0,NA,0,NA,NA,NA,NA,NA
1996,1,14,7,1400,1400,1609,1615,WN,441,N305,69,75,58,-6,0,BUR,PHX,369,3,8,0,NA,0,NA,NA,NA,NA,NA
1996,1,15,1,1400,1400,1607,1615,WN,441,N679,67,75,57,-8,0,BUR,PHX,369,3,7,0,NA,0,NA,NA,NA,NA,NA
1996,1,16,2,1400,1400,1615,1615,WN,441,N346,75,75,62,0,0,BUR,PHX,369,3,10,0,NA,0,NA,NA,NA,NA,NA
1996,1,17,3,1400,1400,1602,1615,WN,441,N330,62,75,55,-13,0,BUR,PHX,369,2,5,0,NA,0,NA,NA,NA,NA,NA
1996,1,18,4,1400,1400,1610,1615,WN,441,N319,70,75,60,-5,0,BUR,PHX,369,3,7,0,NA,0,NA,NA,NA,NA,NA
1996,1,19,5,1400,1400,1610,1615,WN,441,N678,70,75,55,-5,0,BUR,PHX,369,3,12,0,NA,0,NA,NA,NA,NA,NA
1996,1,20,6,1400,1400,1604,1615,WN,441,N619,64,75,51,-11,0,BUR,PHX,369,4,9,0,NA,0,NA,NA,NA,NA,NA
1996,1,21,7,1400,1400,1615,1615,WN,441,N616,75,75,57,0,0,BUR,PHX,369,3,15,0,NA,0,NA,NA,NA,NA,NA
1996,1,22,1,1400,1400,1605,1615,WN,441,N673,65,75,52,-10,0,BUR,PHX,369,3,10,0,NA,0,NA,NA,NA,NA,NA
1996,1,23,2,1400,1400,1612,1615,WN,441,N613,72,75,62,-3,0,BUR,PHX,369,4,6,0,NA,0,NA,NA,NA,NA,NA
1996,1,24,3,1400,1400,1608,1615,WN,441,N663,68,75,56,-7,0,BUR,PHX,369,4,8,0,NA,0,NA,NA,NA,NA,NA
1996,1,25,4,1400,1400,1609,1615,WN,441,N301,69,75,59,-6,0,BUR,PHX,369,3,7,0,NA,0,NA,NA,NA,NA,NA
1996,1,26,5,1400,1400,1614,1615,WN,441,N379,74,75,60,-1,0,BUR,PHX,369,3,11,0,NA,0,NA,NA,NA,NA,NA
1996,1,27,6,1400,1400,1605,1615,WN,441,N687,65,75,54,-10,0,BUR,PHX,369,3,8,0,NA,0,NA,NA,NA,NA,NA
1996,1,28,7,1400,1400,1612,1615,WN,441,N327,72,75,62,-3,0,BUR,PHX,369,4,6,0,NA,0,NA,NA,NA,NA,NA
1996,1,29,1,1400,1400,1606,1615,WN,441,N352,66,75,56,-9,0,BUR,PHX,369,3,7,0,NA,0,NA,NA,NA,NA,NA
1996,1,30,2,1400,1400,1611,1615,WN,441,N686,71,75,57,-4,0,BUR,PHX,369,3,11,0,NA,0,NA,NA,NA,NA,NA
1996,1,31,3,1400,1400,1613,1615,WN,441,N318,73,75,62,-2,0,BUR,PHX,369,4,7,0,NA,0,NA,NA,NA,NA,NA
1996,1,1,1,1531,1510,1736,1725,WN,506,N502,65,75,56,11,21,BUR,PHX,369,3,6,0,NA,0,NA,NA,NA,NA,NA
1996,1,2,2,1530,1510,1737,1725,WN,506,N513,67,75,59,12,20,BUR,PHX,369,3,5,0,NA,0,NA,NA,NA,NA,NA
1996,1,3,3,1522,1510,1731,1725,WN,506,N501,69,75,58,6,12,BUR,PHX,369,3,8,0,NA,0,NA,NA,NA,NA,NA
1996,1,4,4,1510,1510,1719,1725,WN,506,N523,69,75,57,-6,0,BUR,PHX,369,3,9,0,NA,0,NA,NA,NA,NA,NA
1996,1,5,5,1510,1510,1725,1725,WN,506,N502,75,75,62,0,0,BUR,PHX,369,5,8,0,NA,0,NA,NA,NA,NA,NA
1996,1,6,6,1527,1510,1732,1725,WN,506,N354,65,75,56,7,17,BUR,PHX,369,3,6,0,NA,0,NA,NA,NA,NA,NA
1996,1,7,7,1510,1510,1718,1725,WN,506,N674,68,75,60,-7,0,BUR,PHX,369,4,4,0,NA,0,NA,NA,NA,NA,NA
1996,1,8,1,1510,1510,1725,1725,WN,506,N524,75,75,61,0,0,BUR,PHX,369,6,8,0,NA,0,NA,NA,NA,NA,NA
1996,1,9,2,NA,1510,NA,1725,WN,506,UNKNOW,NA,75,NA,NA,NA,BUR,PHX,369,0,0,1,NA,0,NA,NA,NA,NA,NA
1996,1,10,3,1536,1510,1750,1725,WN,506,N507,74,75,60,25,26,BUR,PHX,369,4,10,0,NA,0,NA,NA,NA,NA,NA
1996,1,11,4,1510,1510,1723,1725,WN,506,N512,73,75,62,-2,0,BUR,PHX,369,3,8,0,NA,0,NA,NA,NA,NA,NA
1996,1,12,5,1510,1510,1721,1725,WN,506,N524,71,75,62,-4,0,BUR,PHX,369,4,5,0,NA,0,NA,NA,NA,NA,NA
1996,1,13,6,1510,1510,1724,1725,WN,506,N321,74,75,57,-1,0,BUR,PHX,369,3,14,0,NA,0,NA,NA,NA,NA,NA
1996,1,14,7,1510,1510,1720,1725,WN,506,N504,70,75,57,-5,0,BUR,PHX,369,3,10,0,NA,0,NA,NA,NA,NA,NA
1996,1,15,1,1510,1510,1715,1725,WN,506,N514,65,75,51,-10,0,BUR,PHX,369,3,11,0,NA,0,NA,NA,NA,NA,NA
1996,1,16,2,1522,1510,1735,1725,WN,506,N524,73,75,60,10,12,BUR,PHX,369,3,10,0,NA,0,NA,NA,NA,NA,NA
1996,1,17,3,1540,1510,1739,1725,WN,506,N527,59,75,51,14,30,BUR,PHX,369,3,5,0,NA,0,NA,NA,NA,NA,NA
1996,1,18,4,1510,1510,1716,1725,WN,506,N505,66,75,54,-9,0,BUR,PHX,369,2,10,0,NA,0,NA,NA,NA,NA,NA
1996,1,19,5,1528,1510,1732,1725,WN,506,N501,64,75,55,7,18,BUR,PHX,369,4,5,0,NA,0,NA,NA,NA,NA,NA
1996,1,20,6,1510,1510,1725,1725,WN,506,N319,75,75,62,0,0,BUR,PHX,369,8,5,0,NA,0,NA,NA,NA,NA,NA
1996,1,21,7,1528,1510,1740,1725,WN,506,N89,72,75,58,15,18,BUR,PHX,369,4,10,0,NA,0,NA,NA,NA,NA,NA
1996,1,22,1,1510,1510,1716,1725,WN,506,N504,66,75,56,-9,0,BUR,PHX,369,4,6,0,NA,0,NA,NA,NA,NA,NA
1996,1,23,2,1519,1510,1725,1725,WN,506,N511,66,75,57,0,9,BUR,PHX,369,2,7,0,NA,0,NA,NA,NA,NA,NA
1996,1,24,3,1510,1510,1716,1725,WN,506,N513,66,75,54,-9,0,BUR,PHX,369,4,8,0,NA,0,NA,NA,NA,NA,NA
1996,1,25,4,1510,1510,1719,1725,WN,506,N521,69,75,58,-6,0,BUR,PHX,369,4,7,0,NA,0,NA,NA,NA,NA,NA
1996,1,26,5,1518,1510,1729,1725,WN,506,N528,71,75,56,4,8,BUR,PHX,369,6,9,0,NA,0,NA,NA,NA,NA,NA
1996,1,27,6,1519,1510,1728,1725,WN,506,N305,69,75,54,3,9,BUR,PHX,369,3,12,0,NA,0,NA,NA,NA,NA,NA
1996,1,28,7,1510,1510,1720,1725,WN,506,N687,70,75,60,-5,0,BUR,PHX,369,4,6,0,NA,0,NA,NA,NA,NA,NA
1996,1,29,1,1516,1510,1724,1725,WN,506,N505,68,75,57,-1,6,BUR,PHX,369,3,8,0,NA,0,NA,NA,NA,NA,NA
1996,1,30,2,1510,1510,1720,1725,WN,506,N506,70,75,59,-5,0,BUR,PHX,369,4,7,0,NA,0,NA,NA,NA,NA,NA
1996,1,31,3,1510,1510,1727,1725,WN,506,N503,77,75,65,2,0,BUR,PHX,369,4,8,0,NA,0,NA,NA,NA,NA,NA
1996,1,1,1,2255,2135,57,2345,WN,1389,N671,62,70,54,72,80,BUR,PHX,369,2,6,0,NA,0,NA,NA,NA,NA,NA
1996,1,2,2,2311,2135,112,2345,WN,1389,N366,61,70,53,87,96,BUR,PHX,369,2,6,0,NA,0,NA,NA,NA,NA,NA
1996,1,3,3,2312,2135,107,2345,WN,1389,N671,55,70,48,82,97,BUR,PHX,369,3,4,0,NA,0,NA,NA,NA,NA,NA
1996,1,4,4,2135,2135,2345,2345,WN,1389,N507,70,70,60,0,0,BUR,PHX,369,4,6,0,NA,0,NA,NA,NA,NA,NA
1996,1,5,5,2150,2135,2359,2345,WN,1389,N346,69,70,55,14,15,BUR,PHX,369,4,10,0,NA,0,NA,NA,NA,NA,NA
1996,1,7,7,2135,2135,2347,2345,WN,1389,N342,72,70,58,2,0,BUR,PHX,369,5,9,0,NA,0,NA,NA,NA,NA,NA
1996,1,8,1,2135,2135,2337,2345,WN,1389,N313,62,70,55,-8,0,BUR,PHX,369,2,5,0,NA,0,NA,NA,NA,NA,NA
1996,1,9,2,2138,2135,2345,2345,WN,1389,N372,67,70,57,0,3,BUR,PHX,369,3,7,0,NA,0,NA,NA,NA,NA,NA
1996,1,10,3,2135,2135,2340,2345,WN,1389,N300,65,70,56,-5,0,BUR,PHX,369,2,7,0,NA,0,NA,NA,NA,NA,NA
1996,1,11,4,2149,2135,2351,2345,WN,1389,N327,62,70,56,6,14,BUR,PHX,369,2,4,0,NA,0,NA,NA,NA,NA,NA
1996,1,12,5,2215,2135,21,2345,WN,1389,N694,66,70,53,36,40,BUR,PHX,369,1,12,0,NA,0,NA,NA,NA,NA,NA
1996,1,14,7,2135,2135,2337,2345,WN,1389,N670,62,70,54,-8,0,BUR,PHX,369,2,6,0,NA,0,NA,NA,NA,NA,NA
1996,1,15,1,2135,2135,2332,2345,WN,1389,N320,57,70,49,-13,0,BUR,PHX,369,3,5,0,NA,0,NA,NA,NA,NA,NA
1996,1,16,2,2135,2135,2332,2345,WN,1389,N617,57,70,50,-13,0,BUR,PHX,369,4,3,0,NA,0,NA,NA,NA,NA,NA
1996,1,17,3,2135,2135,2330,2345,WN,1389,N321,55,70,49,-15,0,BUR,PHX,369,2,4,0,NA,0,NA,NA,NA,NA,NA
1996,1,18,4,2135,2135,2337,2345,WN,1389,N327,62,70,51,-8,0,BUR,PHX,369,2,9,0,NA,0,NA,NA,NA,NA,NA
1996,1,19,5,2143,2135,2342,2345,WN,1389,N673,59,70,49,-3,8,BUR,PHX,369,4,6,0,NA,0,NA,NA,NA,NA,NA
1996,1,21,7,2213,2135,19,2345,WN,1389,N695,66,70,55,34,38,BUR,PHX,369,4,7,0,NA,0,NA,NA,NA,NA,NA
1996,1,22,1,2135,2135,2342,2345,WN,1389,N382,67,70,58,-3,0,BUR,PHX,369,4,5,0,NA,0,NA,NA,NA,NA,NA
1996,1,23,2,2135,2135,2333,2345,WN,1389,N350,58,70,49,-12,0,BUR,PHX,369,2,7,0,NA,0,NA,NA,NA,NA,NA
1996,1,24,3,2139,2135,2345,2345,WN,1389,N677,66,70,57,0,4,BUR,PHX,369,3,6,0,NA,0,NA,NA,NA,NA,NA
1996,1,25,4,2135,2135,2333,2345,WN,1389,N527,58,70,50,-12,0,BUR,PHX,369,3,5,0,NA,0,NA,NA,NA,NA,NA
1996,1,26,5,2147,2135,2352,2345,WN,1389,N617,65,70,52,7,12,BUR,PHX,369,4,9,0,NA,0,NA,NA,NA,NA,NA
1996,1,28,7,2135,2135,2345,2345,WN,1389,N354,70,70,55,0,0,BUR,PHX,369,2,13,0,NA,0,NA,NA,NA,NA,NA
1996,1,29,1,2135,2135,2341,2345,WN,1389,N371,66,70,56,-4,0,BUR,PHX,369,3,7,0,NA,0,NA,NA,NA,NA,NA
1996,1,30,2,2135,2135,2340,2345,WN,1389,N664,65,70,52,-5,0,BUR,PHX,369,3,10,0,NA,0,NA,NA,NA,NA,NA
1996,1,31,3,2135,2135,2341,2345,WN,1389,N358,66,70,55,-4,0,BUR,PHX,369,4,7,0,NA,0,NA,NA,NA,NA,NA
1996,1,1,1,1100,1100,1304,1315,WN,1488,N376,64,75,55,-11,0,BUR,PHX,369,3,6,0,NA,0,NA,NA,NA,NA,NA
1996,1,2,2,1100,1100,1308,1315,WN,1488,N388,68,75,63,-7,0,BUR,PHX,369,1,4,0,NA,0,NA,NA,NA,NA,NA
1996,1,3,3,1100,1100,1314,1315,WN,1488,N330,74,75,56,-1,0,BUR,PHX,369,6,12,0,NA,0,NA,NA,NA,NA,NA
1996,1,4,4,1104,1100,1314,1315,WN,1488,N692,70,75,62,-1,4,BUR,PHX,369,3,5,0,NA,0,NA,NA,NA,NA,NA
1996,1,5,5,1100,1100,1310,1315,WN,1488,N358,70,75,54,-5,0,BUR,PHX,369,7,9,0,NA,0,NA,NA,NA,NA,NA
1996,1,6,6,1100,1100,1312,1315,WN,1488,N356,72,75,58,-3,0,BUR,PHX,369,4,10,0,NA,0,NA,NA,NA,NA,NA
1996,1,7,7,1150,1100,1352,1315,WN,1488,N525,62,75,51,37,50,BUR,PHX,369,3,8,0,NA,0,NA,NA,NA,NA,NA
1996,1,8,1,1122,1100,1338,1315,WN,1488,N697,76,75,63,23,22,BUR,PHX,369,2,11,0,NA,0,NA,NA,NA,NA,NA
1996,1,9,2,1100,1100,1308,1315,WN,1488,N389,68,75,57,-7,0,BUR,PHX,369,3,8,0,NA,0,NA,NA,NA,NA,NA
1996,1,10,3,1106,1100,1320,1315,WN,1488,N611,74,75,60,5,6,BUR,PHX,369,3,11,0,NA,0,NA,NA,NA,NA,NA
1996,1,11,4,1100,1100,1309,1315,WN,1488,N702,69,75,61,-6,0,BUR,PHX,369,2,6,0,NA,0,NA,NA,NA,NA,NA
1996,1,12,5,1102,1100,1320,1315,WN,1488,N376,78,75,65,5,2,BUR,PHX,369,5,8,0,NA,0,NA,NA,NA,NA,NA
1996,1,13,6,1114,1100,1318,1315,WN,1488,N375,64,75,55,3,14,BUR,PHX,369,3,6,0,NA,0,NA,NA,NA,NA,NA
1996,1,14,7,1100,1100,1310,1315,WN,1488,N607,70,75,60,-5,0,BUR,PHX,369,5,5,0,NA,0,NA,NA,NA,NA,NA
1996,1,15,1,1100,1100,1308,1315,WN,1488,N24,68,75,57,-7,0,BUR,PHX,369,3,8,0,NA,0,NA,NA,NA,NA,NA
1996,1,16,2,1104,1100,1317,1315,WN,1488,N334,73,75,60,2,4,BUR,PHX,369,3,10,0,NA,0,NA,NA,NA,NA,NA
1996,1,17,3,1119,1100,1326,1315,WN,1488,N388,67,75,56,11,19,BUR,PHX,369,4,7,0,NA,0,NA,NA,NA,NA,NA
1996,1,18,4,NA,1100,NA,1315,WN,1488,UNKNOW,NA,75,NA,NA,NA,BUR,PHX,369,0,0,1,NA,0,NA,NA,NA,NA,NA
1996,1,19,5,1130,1100,1347,1315,WN,1488,N55,77,75,58,32,30,BUR,PHX,369,11,8,0,NA,0,NA,NA,NA,NA,NA
1996,1,20,6,1100,1100,1305,1315,WN,1488,N301,65,75,55,-10,0,BUR,PHX,369,4,6,0,NA,0,NA,NA,NA,NA,NA
1996,1,21,7,1116,1100,1322,1315,WN,1488,N303,66,75,56,7,16,BUR,PHX,369,3,7,0,NA,0,NA,NA,NA,NA,NA
1996,1,22,1,1121,1100,1323,1315,WN,1488,N378,62,75,54,8,21,BUR,PHX,369,3,5,0,NA,0,NA,NA,NA,NA,NA
1996,1,23,2,1141,1100,1347,1315,WN,1488,N605,66,75,56,32,41,BUR,PHX,369,4,6,0,NA,0,NA,NA,NA,NA,NA
1996,1,24,3,1100,1100,1306,1315,WN,1488,N73,66,75,54,-9,0,BUR,PHX,369,3,9,0,NA,0,NA,NA,NA,NA,NA
1996,1,25,4,1120,1100,1329,1315,WN,1488,N102,69,75,57,14,20,BUR,PHX,369,2,10,0,NA,0,NA,NA,NA,NA,NA
1996,1,26,5,1100,1100,1308,1315,WN,1488,N616,68,75,52,-7,0,BUR,PHX,369,6,10,0,NA,0,NA,NA,NA,NA,NA
1996,1,27,6,1125,1100,1337,1315,WN,1488,N359,72,75,61,22,25,BUR,PHX,369,5,6,0,NA,0,NA,NA,NA,NA,NA
1996,1,28,7,1134,1100,1345,1315,WN,1488,N399,71,75,61,30,34,BUR,PHX,369,2,8,0,NA,0,NA,NA,NA,NA,NA
1996,1,29,1,1135,1100,1351,1315,WN,1488,N306,76,75,61,36,35,BUR,PHX,369,4,11,0,NA,0,NA,NA,NA,NA,NA
1996,1,30,2,1100,1100,1306,1315,WN,1488,N524,66,75,55,-9,0,BUR,PHX,369,4,7,0,NA,0,NA,NA,NA,NA,NA
1996,1,31,3,1118,1100,1334,1315,WN,1488,N694,76,75,63,19,18,BUR,PHX,369,5,8,0,NA,0,NA,NA,NA,NA,NA
1996,1,1,1,800,800,1009,1010,WN,1534,N366,69,70,59,-1,0,BUR,PHX,369,3,7,0,NA,0,NA,NA,NA,NA,NA
1996,1,2,2,800,800,1018,1010,WN,1534,N685,78,70,64,8,0,BUR,PHX,369,4,10,0,NA,0,NA,NA,NA,NA,NA
1996,1,3,3,800,800,1015,1010,WN,1534,N357,75,70,60,5,0,BUR,PHX,369,3,12,0,NA,0,NA,NA,NA,NA,NA
1996,1,4,4,800,800,1007,1010,WN,1534,N604,67,70,55,-3,0,BUR,PHX,369,2,10,0,NA,0,NA,NA,NA,NA,NA
1996,1,5,5,800,800,1010,1010,WN,1534,N367,70,70,58,0,0,BUR,PHX,369,2,10,0,NA,0,NA,NA,NA,NA,NA
1996,1,6,6,811,800,1017,1010,WN,1534,N687,66,70,57,7,11,BUR,PHX,369,2,7,0,NA,0,NA,NA,NA,NA,NA
1996,1,7,7,805,800,1007,1010,WN,1534,N514,62,70,54,-3,5,BUR,PHX,369,2,6,0,NA,0,NA,NA,NA,NA,NA
1996,1,8,1,800,800,1009,1010,WN,1534,N614,69,70,59,-1,0,BUR,PHX,369,2,8,0,NA,0,NA,NA,NA,NA,NA
1996,1,9,2,800,800,1013,1010,WN,1534,N378,73,70,58,3,0,BUR,PHX,369,3,12,0,NA,0,NA,NA,NA,NA,NA
1996,1,10,3,800,800,1014,1010,WN,1534,N344,74,70,61,4,0,BUR,PHX,369,3,10,0,NA,0,NA,NA,NA,NA,NA
1996,1,11,4,800,800,1016,1010,WN,1534,N600,76,70,62,6,0,BUR,PHX,369,4,10,0,NA,0,NA,NA,NA,NA,NA
1996,1,12,5,805,800,1021,1010,WN,1534,N301,76,70,64,11,5,BUR,PHX,369,2,10,0,NA,0,NA,NA,NA,NA,NA
1996,1,13,6,800,800,1010,1010,WN,1534,N370,70,70,55,0,0,BUR,PHX,369,3,12,0,NA,0,NA,NA,NA,NA,NA
1996,1,14,7,800,800,1009,1010,WN,1534,N678,69,70,51,-1,0,BUR,PHX,369,3,15,0,NA,0,NA,NA,NA,NA,NA
1996,1,15,1,800,800,1005,1010,WN,1534,N397,65,70,56,-5,0,BUR,PHX,369,1,8,0,NA,0,NA,NA,NA,NA,NA
1996,1,16,2,800,800,1015,1010,WN,1534,N349,75,70,54,5,0,BUR,PHX,369,4,17,0,NA,0,NA,NA,NA,NA,NA
1996,1,17,3,800,800,1006,1010,WN,1534,N689,66,70,57,-4,0,BUR,PHX,369,3,6,0,NA,0,NA,NA,NA,NA,NA
1996,1,18,4,800,800,1008,1010,WN,1534,N607,68,70,54,-2,0,BUR,PHX,369,3,11,0,NA,0,NA,NA,NA,NA,NA
1996,1,19,5,800,800,1008,1010,WN,1534,N605,68,70,56,-2,0,BUR,PHX,369,2,10,0,NA,0,NA,NA,NA,NA,NA
1996,1,20,6,800,800,1003,1010,WN,1534,N360,63,70,51,-7,0,BUR,PHX,369,2,10,0,NA,0,NA,NA,NA,NA,NA
1996,1,21,7,800,800,1005,1010,WN,1534,N390,65,70,54,-5,0,BUR,PHX,369,2,9,0,NA,0,NA,NA,NA,NA,NA
1996,1,22,1,800,800,1009,1010,WN,1534,N351,69,70,56,-1,0,BUR,PHX,369,5,8,0,NA,0,NA,NA,NA,NA,NA
1996,1,23,2,800,800,1005,1010,WN,1534,N304,65,70,56,-5,0,BUR,PHX,369,3,6,0,NA,0,NA,NA,NA,NA,NA
1996,1,24,3,800,800,1004,1010,WN,1534,N600,64,70,52,-6,0,BUR,PHX,369,3,9,0,NA,0,NA,NA,NA,NA,NA
1996,1,25,4,800,800,1014,1010,WN,1534,N684,74,70,57,4,0,BUR,PHX,369,3,14,0,NA,0,NA,NA,NA,NA,NA
1996,1,26,5,800,800,1000,1010,WN,1534,N304,60,70,49,-10,0,BUR,PHX,369,3,8,0,NA,0,NA,NA,NA,NA,NA
1996,1,27,6,800,800,1010,1010,WN,1534,N310,70,70,55,0,0,BUR,PHX,369,2,13,0,NA,0,NA,NA,NA,NA,NA
1996,1,28,7,800,800,1007,1010,WN,1534,N508,67,70,58,-3,0,BUR,PHX,369,2,7,0,NA,0,NA,NA,NA,NA,NA
1996,1,29,1,800,800,1013,1010,WN,1534,N615,73,70,60,3,0,BUR,PHX,369,3,10,0,NA,0,NA,NA,NA,NA,NA
1996,1,30,2,800,800,1003,1010,WN,1534,N376,63,70,53,-7,0,BUR,PHX,369,3,7,0,NA,0,NA,NA,NA,NA,NA
1996,1,31,3,800,800,1015,1010,WN,1534,N602,75,70,56,5,0,BUR,PHX,369,2,17,0,NA,0,NA,NA,NA,NA,NA
1996,1,2,2,NA,1740,NA,1955,WN,1704,UNKNOW,NA,75,NA,NA,NA,BUR,PHX,369,0,0,1,NA,0,NA,NA,NA,NA,NA
1996,1,3,3,1740,1740,1950,1955,WN,1704,N604,70,75,59,-5,0,BUR,PHX,369,5,6,0,NA,0,NA,NA,NA,NA,NA
1996,1,4,4,1740,1740,1953,1955,WN,1704,N67,73,75,59,-2,0,BUR,PHX,369,4,10,0,NA,0,NA,NA,NA,NA,NA
1996,1,5,5,1744,1740,1954,1955,WN,1704,N684,70,75,57,-1,4,BUR,PHX,369,3,10,0,NA,0,NA,NA,NA,NA,NA
1996,1,6,6,1740,1740,1955,1955,WN,1704,N337,75,75,60,0,0,BUR,PHX,369,6,9,0,NA,0,NA,NA,NA,NA,NA
1996,1,7,7,1748,1740,2000,1955,WN,1704,N64,72,75,60,5,8,BUR,PHX,369,3,9,0,NA,0,NA,NA,NA,NA,NA
1996,1,8,1,1740,1740,1957,1955,WN,1704,N665,77,75,68,2,0,BUR,PHX,369,3,6,0,NA,0,NA,NA,NA,NA,NA
1996,1,9,2,2023,1740,2228,1955,WN,1704,N301,65,75,58,153,163,BUR,PHX,369,2,5,0,NA,0,NA,NA,NA,NA,NA
1996,1,10,3,1740,1740,1954,1955,WN,1704,N380,74,75,65,-1,0,BUR,PHX,369,2,7,0,NA,0,NA,NA,NA,NA,NA
1996,1,11,4,1745,1740,2000,1955,WN,1704,N398,75,75,66,5,5,BUR,PHX,369,2,7,0,NA,0,NA,NA,NA,NA,NA
1996,1,12,5,1740,1740,1948,1955,WN,1704,N370,68,75,55,-7,0,BUR,PHX,369,4,9,0,NA,0,NA,NA,NA,NA,NA
1996,1,13,6,1740,1740,1945,1955,WN,1704,N105,65,75,56,-10,0,BUR,PHX,369,3,6,0,NA,0,NA,NA,NA,NA,NA
1996,1,14,7,1810,1740,2018,1955,WN,1704,N699,68,75,57,23,30,BUR,PHX,369,3,8,0,NA,0,NA,NA,NA,NA,NA
1996,1,15,1,1834,1740,2040,1955,WN,1704,N371,66,75,54,45,54,BUR,PHX,369,3,9,0,NA,0,NA,NA,NA,NA,NA
1996,1,16,2,1740,1740,1953,1955,WN,1704,N605,73,75,60,-2,0,BUR,PHX,369,3,10,0,NA,0,NA,NA,NA,NA,NA
1996,1,17,3,1740,1740,1952,1955,WN,1704,N603,72,75,61,-3,0,BUR,PHX,369,4,7,0,NA,0,NA,NA,NA,NA,NA
1996,1,18,4,1740,1740,1950,1955,WN,1704,N605,70,75,56,-5,0,BUR,PHX,369,5,9,0,NA,0,NA,NA,NA,NA,NA
1996,1,19,5,1813,1740,2017,1955,WN,1704,N383,64,75,55,22,33,BUR,PHX,369,3,6,0,NA,0,NA,NA,NA,NA,NA
1996,1,20,6,1740,1740,1945,1955,WN,1704,N506,65,75,54,-10,0,BUR,PHX,369,3,8,0,NA,0,NA,NA,NA,NA,NA
1996,1,21,7,1740,1740,1945,1955,WN,1704,N394,65,75,56,-10,0,BUR,PHX,369,3,6,0,NA,0,NA,NA,NA,NA,NA
1996,1,22,1,1740,1740,1948,1955,WN,1704,N614,68,75,60,-7,0,BUR,PHX,369,3,5,0,NA,0,NA,NA,NA,NA,NA
1996,1,23,2,1740,1740,1948,1955,WN,1704,N697,68,75,57,-7,0,BUR,PHX,369,3,8,0,NA,0,NA,NA,NA,NA,NA
1996,1,24,3,1740,1740,1956,1955,WN,1704,N360,76,75,66,1,0,BUR,PHX,369,2,8,0,NA,0,NA,NA,NA,NA,NA
1996,1,25,4,1740,1740,1955,1955,WN,1704,N337,75,75,64,0,0,BUR,PHX,369,3,8,0,NA,0,NA,NA,NA,NA,NA
1996,1,26,5,1740,1740,1954,1955,WN,1704,N608,74,75,63,-1,0,BUR,PHX,369,2,9,0,NA,0,NA,NA,NA,NA,NA
1996,1,27,6,1800,1740,2008,1955,WN,1704,N510,68,75,56,13,20,BUR,PHX,369,3,9,0,NA,0,NA,NA,NA,NA,NA
1996,1,28,7,1740,1740,1955,1955,WN,1704,N621,75,75,61,0,0,BUR,PHX,369,4,10,0,NA,0,NA,NA,NA,NA,NA
1996,1,29,1,1740,1740,2004,1955,WN,1704,N392,84,75,69,9,0,BUR,PHX,369,4,11,0,NA,0,NA,NA,NA,NA,NA
1996,1,30,2,1740,1740,1948,1955,WN,1704,N336,68,75,57,-7,0,BUR,PHX,369,3,8,0,NA,0,NA,NA,NA,NA,NA
1996,1,31,3,1740,1740,1955,1955,WN,1704,N93,75,75,65,0,0,BUR,PHX,369,2,8,0,NA,0,NA,NA,NA,NA,NA
1996,1,1,1,855,855,1120,1127,CO,1611,N10323,265,272,242,-7,0,CLE,PHX,1737,3,20,0,NA,0,NA,NA,NA,NA,NA
1996,1,2,2,859,855,1124,1127,CO,1611,N12322,265,272,228,-3,4,CLE,PHX,1737,3,34,0,NA,0,NA,NA,NA,NA,NA
1996,1,3,3,943,855,1220,1127,CO,1611,N17309,277,272,244,53,48,CLE,PHX,1737,4,29,0,NA,0,NA,NA,NA,NA,NA
1996,1,4,4,855,855,1204,1127,CO,1611,N39340,309,272,260,37,0,CLE,PHX,1737,4,45,0,NA,0,NA,NA,NA,NA,NA
1996,1,5,5,905,855,1200,1127,CO,1611,N59338,295,272,259,33,10,CLE,PHX,1737,3,33,0,NA,0,NA,NA,NA,NA,NA
1996,1,6,6,912,855,1139,1127,CO,1611,N10323,267,272,245,12,17,CLE,PHX,1737,4,18,0,NA,0,NA,NA,NA,NA,NA
1996,1,7,7,856,855,1113,1127,CO,1611,N59338,257,272,225,-14,1,CLE,PHX,1737,5,27,0,NA,0,NA,NA,NA,NA,NA
1996,1,8,1,1007,855,1235,1127,CO,1611,N14342,268,272,237,68,72,CLE,PHX,1737,4,27,0,NA,0,NA,NA,NA,NA,NA
1996,1,9,2,853,855,1123,1127,CO,1611,N17317,270,272,253,-4,-2,CLE,PHX,1737,3,14,0,NA,0,NA,NA,NA,NA,NA
1996,1,10,3,905,855,1135,1127,CO,1611,N10323,270,272,254,8,10,CLE,PHX,1737,5,11,0,NA,0,NA,NA,NA,NA,NA
1996,1,11,4,921,855,1130,1127,CO,1611,N10323,249,272,230,3,26,CLE,PHX,1737,4,15,0,NA,0,NA,NA,NA,NA,NA
1996,1,12,5,908,855,1126,1127,CO,1611,N10323,258,272,222,-1,13,CLE,PHX,1737,6,30,0,NA,0,NA,NA,NA,NA,NA
1996,1,13,6,858,855,1120,1127,CO,1611,N14324,262,272,245,-7,3,CLE,PHX,1737,4,13,0,NA,0,NA,NA,NA,NA,NA
1996,1,14,7,852,855,1113,1127,CO,1611,N69311,261,272,239,-14,-3,CLE,PHX,1737,6,16,0,NA,0,NA,NA,NA,NA,NA
1996,1,15,1,900,855,1113,1127,CO,1611,N73380,253,272,237,-14,5,CLE,PHX,1737,5,11,0,NA,0,NA,NA,NA,NA,NA
1996,1,16,2,915,855,1131,1127,CO,1611,N73380,256,272,234,4,20,CLE,PHX,1737,3,19,0,NA,0,NA,NA,NA,NA,NA
1996,1,17,3,858,855,1128,1127,CO,1611,N14341,270,272,251,1,3,CLE,PHX,1737,7,12,0,NA,0,NA,NA,NA,NA,NA
1996,1,18,4,853,855,1104,1127,CO,1611,N12318,251,272,226,-23,-2,CLE,PHX,1737,5,20,0,NA,0,NA,NA,NA,NA,NA
1996,1,19,5,855,855,1149,1127,CO,1611,N13331,294,272,196,22,0,CLE,PHX,1737,3,95,0,NA,0,NA,NA,NA,NA,NA
1996,1,20,6,858,855,1135,1127,CO,1611,N63305,277,272,261,8,3,CLE,PHX,1737,4,12,0,NA,0,NA,NA,NA,NA,NA
1996,1,21,7,856,855,1125,1127,CO,1611,N12327,269,272,258,-2,1,CLE,PHX,1737,3,8,0,NA,0,NA,NA,NA,NA,NA
1996,1,22,1,857,855,1156,1127,CO,1611,N14347,299,272,285,29,2,CLE,PHX,1737,4,10,0,NA,0,NA,NA,NA,NA,NA
1996,1,23,2,927,855,1215,1127,CO,1611,N39340,288,272,272,48,32,CLE,PHX,1737,6,10,0,NA,0,NA,NA,NA,NA,NA
1996,1,24,3,857,855,1137,1127,CO,1611,N14337,280,272,262,10,2,CLE,PHX,1737,4,14,0,NA,0,NA,NA,NA,NA,NA
1996,1,25,4,902,855,1202,1127,CO,1611,N39340,300,272,280,35,7,CLE,PHX,1737,7,13,0,NA,0,NA,NA,NA,NA,NA
1996,1,26,5,917,855,1157,1127,CO,1611,N47332,280,272,259,30,22,CLE,PHX,1737,5,16,0,NA,0,NA,NA,NA,NA,NA
1996,1,27,6,856,855,1121,1127,CO,1611,N14342,265,272,249,-6,1,CLE,PHX,1737,5,11,0,NA,0,NA,NA,NA,NA,NA
1996,1,28,7,853,855,1153,1127,CO,1611,N14383,300,272,282,26,-2,CLE,PHX,1737,4,14,0,NA,0,NA,NA,NA,NA,NA
1996,1,29,1,917,855,1214,1127,CO,1611,N14383,297,272,279,47,22,CLE,PHX,1737,6,12,0,NA,0,NA,NA,NA,NA,NA
1996,1,30,2,948,855,1233,1127,CO,1611,N10323,285,272,272,66,53,CLE,PHX,1737,4,9,0,NA,0,NA,NA,NA,NA,NA
1996,1,31,3,906,855,1205,1127,CO,1611,N10323,299,272,281,38,11,CLE,PHX,1737,4,14,0,NA,0,NA,NA,NA,NA,NA
1996,1,1,1,838,830,1100,1101,US,175,N440US,262,271,246,-1,8,CLT,PHX,1774,4,12,0,NA,0,NA,NA,NA,NA,NA
1996,1,2,2,846,830,1106,1101,US,175,N425US,260,271,241,5,16,CLT,PHX,1774,3,16,0,NA,0,NA,NA,NA,NA,NA
1996,1,3,3,916,830,1145,1101,US,175,N446US,269,271,256,44,46,CLT,PHX,1774,3,10,0,NA,0,NA,NA,NA,NA,NA
1996,1,4,4,900,830,1152,1101,US,175,N431US,292,271,275,51,30,CLT,PHX,1774,3,14,0,NA,0,NA,NA,NA,NA,NA
1996,1,5,5,833,830,1134,1101,US,175,N447US,301,271,281,33,3,CLT,PHX,1774,3,17,0,NA,0,NA,NA,NA,NA,NA
1996,1,6,6,916,830,1145,1109,US,175,N432US,269,279,258,36,46,CLT,PHX,1774,2,9,0,NA,0,NA,NA,NA,NA,NA
1996,1,7,7,905,830,1157,1109,US,175,N422US,292,279,242,48,35,CLT,PHX,1774,4,46,0,NA,0,NA,NA,NA,NA,NA
1996,1,8,1,NA,830,NA,1109,US,175,UNKNOW,NA,279,NA,NA,NA,CLT,PHX,1774,0,0,1,NA,0,NA,NA,NA,NA,NA
1996,1,9,2,NA,830,NA,1109,US,175,UNKNOW,NA,279,NA,NA,NA,CLT,PHX,1774,0,0,1,NA,0,NA,NA,NA,NA,NA
1996,1,10,3,900,830,1149,1109,US,175,N449US,289,279,267,40,30,CLT,PHX,1774,4,18,0,NA,0,NA,NA,NA,NA,NA
1996,1,11,4,852,830,1114,1109,US,175,N409US,262,279,241,5,22,CLT,PHX,1774,5,16,0,NA,0,NA,NA,NA,NA,NA
1996,1,12,5,857,830,1129,1109,US,175,N421US,272,279,237,20,27,CLT,PHX,1774,3,32,0,NA,0,NA,NA,NA,NA,NA
1996,1,13,6,837,830,1105,1109,US,175,N429US,268,279,250,-4,7,CLT,PHX,1774,3,15,0,NA,0,NA,NA,NA,NA,NA
1996,1,14,7,830,830,1101,1109,US,175,N431US,271,279,252,-8,0,CLT,PHX,1774,4,15,0,NA,0,NA,NA,NA,NA,NA
1996,1,15,1,828,830,1052,1109,US,175,N405US,264,279,253,-17,-2,CLT,PHX,1774,2,9,0,NA,0,NA,NA,NA,NA,NA
1996,1,16,2,850,830,1139,1109,US,175,N419US,289,279,264,30,20,CLT,PHX,1774,3,22,0,NA,0,NA,NA,NA,NA,NA
1996,1,17,3,842,830,1128,1109,US,175,N418US,286,279,259,19,12,CLT,PHX,1774,3,24,0,NA,0,NA,NA,NA,NA,NA
1996,1,18,4,849,830,1111,1109,US,175,N426US,262,279,252,2,19,CLT,PHX,1774,3,7,0,NA,0,NA,NA,NA,NA,NA
1996,1,19,5,954,830,1305,1109,US,175,N420US,311,279,288,116,84,CLT,PHX,1774,3,20,0,NA,0,NA,NA,NA,NA,NA
1996,1,20,6,847,830,1154,1109,US,175,N441US,307,279,286,45,17,CLT,PHX,1774,3,18,0,NA,0,NA,NA,NA,NA,NA
1996,1,21,7,829,830,1121,1109,US,175,N429US,292,279,277,12,-1,CLT,PHX,1774,3,12,0,NA,0,NA,NA,NA,NA,NA
1996,1,22,1,829,830,1129,1109,US,175,N406US,300,279,288,20,-1,CLT,PHX,1774,2,10,0,NA,0,NA,NA,NA,NA,NA
1996,1,23,2,834,830,1137,1109,US,175,N417US,303,279,284,28,4,CLT,PHX,1774,3,16,0,NA,0,NA,NA,NA,NA,NA
1996,1,24,3,850,830,1158,1109,US,175,N448US,308,279,290,49,20,CLT,PHX,1774,4,14,0,NA,0,NA,NA,NA,NA,NA
1996,1,25,4,835,830,NA,1109,US,175,N411US,NA,279,NA,NA,5,CLT,PHX,1774,0,14,0,NA,1,NA,NA,NA,NA,NA
1996,1,26,5,833,830,1136,1109,US,175,N442US,303,279,284,27,3,CLT,PHX,1774,5,14,0,NA,0,NA,NA,NA,NA,NA
1996,1,27,6,832,830,1127,1109,US,175,N415US,295,279,276,18,2,CLT,PHX,1774,2,17,0,NA,0,NA,NA,NA,NA,NA
1996,1,28,7,829,830,1120,1109,US,175,N429US,291,279,276,11,-1,CLT,PHX,1774,3,12,0,NA,0,NA,NA,NA,NA,NA
1996,1,29,1,827,830,1119,1109,US,175,N419US,292,279,274,10,-3,CLT,PHX,1774,5,13,0,NA,0,NA,NA,NA,NA,NA
1996,1,30,2,841,830,1130,1109,US,175,N418US,289,279,272,21,11,CLT,PHX,1774,3,14,0,NA,0,NA,NA,NA,NA,NA
1996,1,31,3,848,830,1151,1109,US,175,N441US,303,279,283,42,18,CLT,PHX,1774,2,18,0,NA,0,NA,NA,NA,NA,NA
1996,1,1,1,1629,1605,1856,1835,US,177,N415US,267,270,248,21,24,CLT,PHX,1774,2,17,0,NA,0,NA,NA,NA,NA,NA
1996,1,2,2,1725,1605,1946,1835,US,177,N427US,261,270,235,71,80,CLT,PHX,1774,3,23,0,NA,0,NA,NA,NA,NA,NA
1996,1,3,3,1700,1605,1933,1835,US,177,N407US,273,270,258,58,55,CLT,PHX,1774,3,12,0,NA,0,NA,NA,NA,NA,NA
1996,1,4,4,1622,1605,1845,1835,US,177,N443US,263,270,251,10,17,CLT,PHX,1774,3,9,0,NA,0,NA,NA,NA,NA,NA
1996,1,5,5,1617,1605,1914,1835,US,177,N442US,297,270,275,39,12,CLT,PHX,1774,3,19,0,NA,0,NA,NA,NA,NA,NA
1996,1,6,6,1647,1610,1924,1848,US,177,N413US,277,278,252,36,37,CLT,PHX,1774,2,23,0,NA,0,NA,NA,NA,NA,NA
1996,1,7,7,1645,1610,1935,1848,US,177,N427US,290,278,240,47,35,CLT,PHX,1774,3,47,0,NA,0,NA,NA,NA,NA,NA
1996,1,8,1,1823,1610,2037,1848,US,177,N429US,254,278,241,109,133,CLT,PHX,1774,2,11,0,NA,0,NA,NA,NA,NA,NA
1996,1,9,2,1759,1610,2035,1848,US,177,N426US,276,278,264,107,109,CLT,PHX,1774,2,10,0,NA,0,NA,NA,NA,NA,NA
1996,1,10,3,1640,1610,1924,1848,US,177,N433US,284,278,266,36,30,CLT,PHX,1774,3,15,0,NA,0,NA,NA,NA,NA,NA
1996,1,11,4,1612,1610,1817,1848,US,177,N432US,245,278,232,-31,2,CLT,PHX,1774,3,10,0,NA,0,NA,NA,NA,NA,NA
1996,1,12,5,1709,1610,1916,1848,US,177,N427US,247,278,227,28,59,CLT,PHX,1774,3,17,0,NA,0,NA,NA,NA,NA,NA
1996,1,13,6,1614,1610,1840,1848,US,177,N437US,266,278,250,-8,4,CLT,PHX,1774,4,12,0,NA,0,NA,NA,NA,NA,NA
1996,1,14,7,1610,1610,1822,1848,US,177,N424US,252,278,240,-26,0,CLT,PHX,1774,2,10,0,NA,0,NA,NA,NA,NA,NA
1996,1,15,1,1606,1610,1834,1848,US,177,N447US,268,278,256,-14,-4,CLT,PHX,1774,2,10,0,NA,0,NA,NA,NA,NA,NA
1996,1,16,2,1611,1610,1845,1848,US,177,N428US,274,278,259,-3,1,CLT,PHX,1774,3,12,0,NA,0,NA,NA,NA,NA,NA
1996,1,17,3,1624,1610,1856,1848,US,177,N429US,272,278,252,8,14,CLT,PHX,1774,4,16,0,NA,0,NA,NA,NA,NA,NA
1996,1,18,4,1714,1610,1953,1848,US,177,N421US,279,278,258,65,64,CLT,PHX,1774,3,18,0,NA,0,NA,NA,NA,NA,NA
1996,1,19,5,1639,1610,1945,1848,US,177,N425US,306,278,291,57,29,CLT,PHX,1774,3,12,0,NA,0,NA,NA,NA,NA,NA
1996,1,20,6,1618,1610,1906,1848,US,177,N435US,288,278,275,18,8,CLT,PHX,1774,3,10,0,NA,0,NA,NA,NA,NA,NA
1996,1,21,7,1606,1610,1900,1848,US,177,N438US,294,278,280,12,-4,CLT,PHX,1774,3,11,0,NA,0,NA,NA,NA,NA,NA
1996,1,22,1,1610,1610,1912,1848,US,177,N407US,302,278,288,24,0,CLT,PHX,1774,3,11,0,NA,0,NA,NA,NA,NA,NA
1996,1,23,2,1613,1610,1900,1848,US,177,N407US,287,278,270,12,3,CLT,PHX,1774,3,14,0,NA,0,NA,NA,NA,NA,NA
1996,1,24,3,1648,1610,1946,1848,US,177,N421US,298,278,283,58,38,CLT,PHX,1774,3,12,0,NA,0,NA,NA,NA,NA,NA
1996,1,25,4,1813,1610,2106,1848,US,177,N415US,293,278,280,138,123,CLT,PHX,1774,3,10,0,NA,0,NA,NA,NA,NA,NA
1996,1,26,5,1615,1610,1856,1848,US,177,N437US,281,278,271,8,5,CLT,PHX,1774,3,7,0,NA,0,NA,NA,NA,NA,NA
1996,1,27,6,1626,1610,1914,1848,US,177,N432US,288,278,271,26,16,CLT,PHX,1774,2,15,0,NA,0,NA,NA,NA,NA,NA
1996,1,28,7,1629,1610,1930,1848,US,177,N431US,301,278,286,42,19,CLT,PHX,1774,6,9,0,NA,0,NA,NA,NA,NA,NA
1996,1,29,1,1609,1610,1854,1848,US,177,N438US,285,278,270,6,-1,CLT,PHX,1774,3,12,0,NA,0,NA,NA,NA,NA,NA
1996,1,30,2,1626,1610,1915,1848,US,177,N415US,289,278,274,27,16,CLT,PHX,1774,2,13,0,NA,0,NA,NA,NA,NA,NA
1996,1,31,3,1623,1610,NA,1848,US,177,N419US,NA,278,NA,NA,13,CLT,PHX,1774,0,10,0,NA,1,NA,NA,NA,NA,NA
1996,1,1,1,1732,1630,1930,1834,HP,31,N631AW,238,244,227,56,62,CMH,PHX,1671,3,8,0,NA,0,NA,NA,NA,NA,NA
1996,1,2,2,1716,1630,1908,1834,HP,31,N628AW,232,244,206,34,46,CMH,PHX,1671,4,22,0,NA,0,NA,NA,NA,NA,NA
1996,1,3,3,1712,1630,1923,1834,HP,31,N634AW,251,244,227,49,42,CMH,PHX,1671,4,20,0,NA,0,NA,NA,NA,NA,NA
1996,1,4,4,1738,1630,2010,1834,HP,31,N622AW,272,244,246,96,68,CMH,PHX,1671,4,22,0,NA,0,NA,NA,NA,NA,NA
1996,1,5,5,1646,1630,1911,1834,HP,31,N636AW,265,244,246,37,16,CMH,PHX,1671,5,14,0,NA,0,NA,NA,NA,NA,NA
1996,1,6,6,1644,1630,1835,1834,HP,31,N624AW,231,244,217,1,14,CMH,PHX,1671,4,10,0,NA,0,NA,NA,NA,NA,NA
1996,1,7,7,1655,1630,1857,1834,HP,31,N631AW,242,244,210,23,25,CMH,PHX,1671,3,29,0,NA,0,NA,NA,NA,NA,NA
1996,1,8,1,1820,1630,2022,1834,HP,31,N629AW,242,244,227,108,110,CMH,PHX,1671,3,12,0,NA,0,NA,NA,NA,NA,NA
1996,1,9,2,1723,1630,1957,1834,HP,31,N635AW,274,244,238,83,53,CMH,PHX,1671,7,29,0,NA,0,NA,NA,NA,NA,NA
1996,1,10,3,1656,1630,1859,1834,HP,31,N637AW,243,244,230,25,26,CMH,PHX,1671,4,9,0,NA,0,NA,NA,NA,NA,NA
1996,1,11,4,1641,1630,1835,1834,HP,31,N621AW,234,244,212,1,11,CMH,PHX,1671,5,17,0,NA,0,NA,NA,NA,NA,NA
1996,1,12,5,1752,1630,1933,1834,HP,31,N632AW,221,244,207,59,82,CMH,PHX,1671,3,11,0,NA,0,NA,NA,NA,NA,NA
1996,1,13,6,1700,1630,1900,1834,HP,31,N624AW,240,244,225,26,30,CMH,PHX,1671,4,11,0,NA,0,NA,NA,NA,NA,NA
1996,1,14,7,1704,1630,1854,1834,HP,31,N626AW,230,244,214,20,34,CMH,PHX,1671,9,7,0,NA,0,NA,NA,NA,NA,NA
1996,1,15,1,1630,1630,1839,1834,HP,31,N637AW,249,244,231,5,0,CMH,PHX,1671,5,13,0,NA,0,NA,NA,NA,NA,NA
1996,1,16,2,1632,1630,1842,1834,HP,31,N631AW,250,244,234,8,2,CMH,PHX,1671,5,11,0,NA,0,NA,NA,NA,NA,NA
1996,1,17,3,1640,1630,1845,1834,HP,31,N625AW,245,244,232,11,10,CMH,PHX,1671,3,10,0,NA,0,NA,NA,NA,NA,NA
1996,1,18,4,1656,1630,1908,1834,HP,31,N625AW,252,244,240,34,26,CMH,PHX,1671,3,9,0,NA,0,NA,NA,NA,NA,NA
1996,1,19,5,1630,1630,1918,1834,HP,31,N620AW,288,244,251,44,0,CMH,PHX,1671,12,25,0,NA,0,NA,NA,NA,NA,NA
1996,1,20,6,1637,1630,1851,1834,HP,31,N620AW,254,244,236,17,7,CMH,PHX,1671,5,13,0,NA,0,NA,NA,NA,NA,NA
1996,1,21,7,1640,1630,1849,1834,HP,31,N627AW,249,244,240,15,10,CMH,PHX,1671,3,6,0,NA,0,NA,NA,NA,NA,NA
1996,1,22,1,1628,1630,1859,1834,HP,31,N635AW,271,244,260,25,-2,CMH,PHX,1671,4,7,0,NA,0,NA,NA,NA,NA,NA
1996,1,23,2,1637,1630,1901,1834,HP,31,N624AW,264,244,247,27,7,CMH,PHX,1671,3,14,0,NA,0,NA,NA,NA,NA,NA
1996,1,24,3,1646,1630,1917,1834,HP,31,N635AW,271,244,237,43,16,CMH,PHX,1671,6,28,0,NA,0,NA,NA,NA,NA,NA
1996,1,25,4,1630,1630,1911,1834,HP,31,N632AW,281,244,265,37,0,CMH,PHX,1671,3,13,0,NA,0,NA,NA,NA,NA,NA
1996,1,26,5,1632,1630,1850,1834,HP,31,N636AW,258,244,245,16,2,CMH,PHX,1671,4,9,0,NA,0,NA,NA,NA,NA,NA
1996,1,27,6,1633,1630,1853,1834,HP,31,N637AW,260,244,247,19,3,CMH,PHX,1671,3,10,0,NA,0,NA,NA,NA,NA,NA
1996,1,28,7,1630,1630,1852,1834,HP,31,N633AW,262,244,250,18,0,CMH,PHX,1671,4,8,0,NA,0,NA,NA,NA,NA,NA
1996,1,29,1,1630,1630,1841,1834,HP,31,N629AW,251,244,242,7,0,CMH,PHX,1671,3,6,0,NA,0,NA,NA,NA,NA,NA
1996,1,30,2,1750,1630,2011,1834,HP,31,N633AW,261,244,246,97,80,CMH,PHX,1671,4,11,0,NA,0,NA,NA,NA,NA,NA
1996,1,31,3,1655,1630,1923,1834,HP,31,N633AW,268,244,257,49,25,CMH,PHX,1671,3,8,0,NA,0,NA,NA,NA,NA,NA
1996,1,1,1,1915,1855,2111,2100,HP,651,N624AW,236,245,221,11,20,CMH,PHX,1671,5,10,0,NA,0,NA,NA,NA,NA,NA
1996,1,2,2,2024,1855,2352,2100,HP,651,N634AW,328,245,207,172,89,CMH,PHX,1671,4,117,0,NA,0,NA,NA,NA,NA,NA
1996,1,3,3,1952,1855,2204,2100,HP,651,N628AW,252,245,226,64,57,CMH,PHX,1671,6,20,0,NA,0,NA,NA,NA,NA,NA
1996,1,4,4,1950,1855,2240,2100,HP,651,N636AW,290,245,244,100,55,CMH,PHX,1671,6,40,0,NA,0,NA,NA,NA,NA,NA
1996,1,5,5,1921,1855,2148,2100,HP,651,N635AW,267,245,247,48,26,CMH,PHX,1671,3,17,0,NA,0,NA,NA,NA,NA,NA
1996,1,6,6,1906,1855,2057,2100,HP,651,N637AW,231,245,216,-3,11,CMH,PHX,1671,5,10,0,NA,0,NA,NA,NA,NA,NA
1996,1,7,7,1900,1855,2111,2100,HP,651,N634AW,251,245,210,11,5,CMH,PHX,1671,4,37,0,NA,0,NA,NA,NA,NA,NA
1996,1,8,1,1855,1855,2058,2100,HP,651,N639AW,243,245,224,-2,0,CMH,PHX,1671,4,15,0,NA,0,NA,NA,NA,NA,NA
1996,1,9,2,2126,1855,2342,2100,HP,651,N629AW,256,245,227,162,151,CMH,PHX,1671,5,24,0,NA,0,NA,NA,NA,NA,NA
1996,1,10,3,2000,1855,2159,2100,HP,651,N627AW,239,245,225,59,65,CMH,PHX,1671,4,10,0,NA,0,NA,NA,NA,NA,NA
1996,1,11,4,2000,1855,2144,2100,HP,651,N620AW,224,245,208,44,65,CMH,PHX,1671,4,12,0,NA,0,NA,NA,NA,NA,NA
1996,1,12,5,1855,1855,2041,2100,HP,651,N636AW,226,245,212,-19,0,CMH,PHX,1671,4,10,0,NA,0,NA,NA,NA,NA,NA
1996,1,13,6,1855,1855,2109,2100,HP,651,N632AW,254,245,222,9,0,CMH,PHX,1671,5,27,0,NA,0,NA,NA,NA,NA,NA
1996,1,14,7,1854,1855,2109,2100,HP,651,N622AW,255,245,227,9,-1,CMH,PHX,1671,5,23,0,NA,0,NA,NA,NA,NA,NA
1996,1,15,1,1853,1855,2058,2100,HP,651,N631AW,245,245,232,-2,-2,CMH,PHX,1671,4,9,0,NA,0,NA,NA,NA,NA,NA
1996,1,16,2,1950,1855,2207,2100,HP,651,N633AW,257,245,240,67,55,CMH,PHX,1671,5,12,0,NA,0,NA,NA,NA,NA,NA
1996,1,17,3,1925,1855,2136,2100,HP,651,N629AW,251,245,231,36,30,CMH,PHX,1671,8,12,0,NA,0,NA,NA,NA,NA,NA
1996,1,18,4,1902,1855,2131,2100,HP,651,N628AW,269,245,240,31,7,CMH,PHX,1671,6,23,0,NA,0,NA,NA,NA,NA,NA
1996,1,19,5,1903,1855,2137,2100,HP,651,N625AW,274,245,260,37,8,CMH,PHX,1671,5,9,0,NA,0,NA,NA,NA,NA,NA
1996,1,20,6,1855,1855,2117,2100,HP,651,N621AW,262,245,247,17,0,CMH,PHX,1671,4,11,0,NA,0,NA,NA,NA,NA,NA
1996,1,21,7,1858,1855,2107,2100,HP,651,N620AW,249,245,233,7,3,CMH,PHX,1671,5,11,0,NA,0,NA,NA,NA,NA,NA
1996,1,22,1,1851,1855,2119,2100,HP,651,N639AW,268,245,251,19,-4,CMH,PHX,1671,6,11,0,NA,0,NA,NA,NA,NA,NA
1996,1,23,2,1854,1855,2112,2100,HP,651,N635AW,258,245,244,12,-1,CMH,PHX,1671,4,10,0,NA,0,NA,NA,NA,NA,NA
1996,1,24,3,1920,1855,2138,2100,HP,651,N633AW,258,245,245,38,25,CMH,PHX,1671,5,8,0,NA,0,NA,NA,NA,NA,NA
1996,1,25,4,1858,1855,2145,2100,HP,651,N620AW,287,245,266,45,3,CMH,PHX,1671,4,17,0,NA,0,NA,NA,NA,NA,NA
1996,1,26,5,1855,1855,2126,2100,HP,651,N622AW,271,245,253,26,0,CMH,PHX,1671,5,13,0,NA,0,NA,NA,NA,NA,NA
1996,1,27,6,1936,1855,2157,2100,HP,651,N632AW,261,245,246,57,41,CMH,PHX,1671,6,9,0,NA,0,NA,NA,NA,NA,NA
1996,1,28,7,1851,1855,2119,2100,HP,651,N620AW,268,245,251,19,-4,CMH,PHX,1671,5,12,0,NA,0,NA,NA,NA,NA,NA
1996,1,29,1,1853,1855,2127,2100,HP,651,N628AW,274,245,259,27,-2,CMH,PHX,1671,5,10,0,NA,0,NA,NA,NA,NA,NA
1996,1,30,2,1852,1855,2123,2100,HP,651,N621AW,271,245,257,23,-3,CMH,PHX,1671,4,10,0,NA,0,NA,NA,NA,NA,NA
1996,1,31,3,1855,1855,2115,2100,HP,651,N631AW,260,245,240,15,0,CMH,PHX,1671,9,11,0,NA,0,NA,NA,NA,NA,NA
1996,1,1,1,1217,1125,1426,1330,HP,854,N901AW,249,245,229,56,52,CMH,PHX,1671,4,16,0,NA,0,NA,NA,NA,NA,NA
1996,1,2,2,1230,1125,1422,1330,HP,854,N906AW,232,245,208,52,65,CMH,PHX,1671,4,20,0,NA,0,NA,NA,NA,NA,NA
1996,1,3,3,NA,1125,NA,1330,HP,854,N909AW,NA,245,NA,NA,NA,CMH,PHX,1671,0,0,1,NA,0,NA,NA,NA,NA,NA
1996,1,4,4,1235,1125,1446,1330,HP,854,N908AW,251,245,233,76,70,CMH,PHX,1671,3,15,0,NA,0,NA,NA,NA,NA,NA
1996,1,5,5,1250,1125,1510,1330,HP,854,N901AW,260,245,245,100,85,CMH,PHX,1671,5,10,0,NA,0,NA,NA,NA,NA,NA
1996,1,6,6,1256,1125,1500,1330,HP,854,N907AW,244,245,226,90,91,CMH,PHX,1671,5,13,0,NA,0,NA,NA,NA,NA,NA
1996,1,7,7,1143,1125,1327,1330,HP,854,N904AW,224,245,210,-3,18,CMH,PHX,1671,2,12,0,NA,0,NA,NA,NA,NA,NA
1996,1,8,1,1125,1125,1352,1330,HP,854,N910AW,267,245,226,22,0,CMH,PHX,1671,4,37,0,NA,0,NA,NA,NA,NA,NA
1996,1,9,2,1133,1125,1402,1330,HP,854,N907AW,269,245,234,32,8,CMH,PHX,1671,3,32,0,NA,0,NA,NA,NA,NA,NA
1996,1,10,3,1148,1125,1359,1330,HP,854,N903AW,251,245,234,29,23,CMH,PHX,1671,5,12,0,NA,0,NA,NA,NA,NA,NA
1996,1,11,4,1135,1125,1329,1330,HP,854,N907AW,234,245,214,-1,10,CMH,PHX,1671,5,15,0,NA,0,NA,NA,NA,NA,NA
1996,1,12,5,1158,1125,1336,1330,HP,854,N906AW,218,245,205,6,33,CMH,PHX,1671,4,9,0,NA,0,NA,NA,NA,NA,NA
1996,1,13,6,1143,1125,1403,1330,HP,854,N916AW,260,245,224,33,18,CMH,PHX,1671,4,32,0,NA,0,NA,NA,NA,NA,NA
1996,1,14,7,1124,1125,1318,1330,HP,854,N909AW,234,245,217,-12,-1,CMH,PHX,1671,9,8,0,NA,0,NA,NA,NA,NA,NA
1996,1,15,1,1137,1125,1347,1330,HP,854,N902AW,250,245,231,17,12,CMH,PHX,1671,5,14,0,NA,0,NA,NA,NA,NA,NA
1996,1,16,2,1125,1125,1340,1330,HP,854,N910AW,255,245,240,10,0,CMH,PHX,1671,4,11,0,NA,0,NA,NA,NA,NA,NA
1996,1,17,3,1205,1125,1409,1330,HP,854,N906AW,244,245,230,39,40,CMH,PHX,1671,4,10,0,NA,0,NA,NA,NA,NA,NA
1996,1,18,4,1125,1125,1331,1330,HP,854,N916AW,246,245,234,1,0,CMH,PHX,1671,4,8,0,NA,0,NA,NA,NA,NA,NA
1996,1,19,5,1202,1125,1421,1330,HP,854,N910AW,259,245,237,51,37,CMH,PHX,1671,4,18,0,NA,0,NA,NA,NA,NA,NA
1996,1,20,6,1152,1125,1428,1330,HP,854,N908AW,276,245,255,58,27,CMH,PHX,1671,6,15,0,NA,0,NA,NA,NA,NA,NA
1996,1,21,7,1125,1125,1343,1330,HP,854,N909AW,258,245,248,13,0,CMH,PHX,1671,3,7,0,NA,0,NA,NA,NA,NA,NA
1996,1,22,1,1132,1125,1353,1330,HP,854,N908AW,261,245,250,23,7,CMH,PHX,1671,6,5,0,NA,0,NA,NA,NA,NA,NA
1996,1,23,2,1125,1125,1354,1330,HP,854,N914AW,269,245,253,24,0,CMH,PHX,1671,5,11,0,NA,0,NA,NA,NA,NA,NA
1996,1,24,3,1140,1125,1358,1330,HP,854,N902AW,258,245,236,28,15,CMH,PHX,1671,3,19,0,NA,0,NA,NA,NA,NA,NA
1996,1,25,4,1125,1125,1405,1330,HP,854,N908AW,280,245,263,35,0,CMH,PHX,1671,6,11,0,NA,0,NA,NA,NA,NA,NA
1996,1,26,5,1150,1125,1415,1330,HP,854,N915AW,265,245,252,45,25,CMH,PHX,1671,3,10,0,NA,0,NA,NA,NA,NA,NA
1996,1,27,6,1201,1125,1422,1330,HP,854,N914AW,261,245,244,52,36,CMH,PHX,1671,6,11,0,NA,0,NA,NA,NA,NA,NA
1996,1,28,7,1128,1125,1356,1330,HP,854,N908AW,268,245,252,26,3,CMH,PHX,1671,5,11,0,NA,0,NA,NA,NA,NA,NA
1996,1,29,1,1123,1125,1355,1330,HP,854,N907AW,272,245,262,25,-2,CMH,PHX,1671,3,7,0,NA,0,NA,NA,NA,NA,NA
1996,1,30,2,1215,1125,1452,1330,HP,854,N901AW,277,245,256,82,50,CMH,PHX,1671,8,13,0,NA,0,NA,NA,NA,NA,NA
1996,1,31,3,1155,1125,1420,1330,HP,854,N915AW,265,245,247,50,30,CMH,PHX,1671,3,15,0,NA,0,NA,NA,NA,NA,NA
1996,1,1,1,1230,848,1434,1055,HP,860,N632AW,244,247,228,219,222,CMH,PHX,1671,4,12,0,NA,0,NA,NA,NA,NA,NA
1996,1,2,2,918,848,1140,1055,HP,860,N905AW,262,247,227,45,30,CMH,PHX,1671,4,31,0,NA,0,NA,NA,NA,NA,NA
1996,1,3,3,1015,848,1216,1055,HP,860,N636AW,241,247,223,81,87,CMH,PHX,1671,7,11,0,NA,0,NA,NA,NA,NA,NA
1996,1,4,4,917,848,1142,1055,HP,860,N632AW,265,247,240,47,29,CMH,PHX,1671,3,22,0,NA,0,NA,NA,NA,NA,NA
1996,1,5,5,905,848,1131,1055,HP,860,N628AW,266,247,247,36,17,CMH,PHX,1671,3,16,0,NA,0,NA,NA,NA,NA,NA
1996,1,6,6,901,848,1110,1055,HP,860,N625AW,249,247,233,15,13,CMH,PHX,1671,2,14,0,NA,0,NA,NA,NA,NA,NA
1996,1,7,7,902,848,1124,1055,HP,860,N621AW,262,247,231,29,14,CMH,PHX,1671,4,27,0,NA,0,NA,NA,NA,NA,NA
1996,1,8,1,853,848,1101,1055,HP,860,N626AW,248,247,221,6,5,CMH,PHX,1671,4,23,0,NA,0,NA,NA,NA,NA,NA
1996,1,9,2,908,848,1139,1055,HP,860,N638AW,271,247,245,44,20,CMH,PHX,1671,4,22,0,NA,0,NA,NA,NA,NA,NA
1996,1,10,3,911,848,1118,1055,HP,860,N624AW,247,247,230,23,23,CMH,PHX,1671,6,11,0,NA,0,NA,NA,NA,NA,NA
1996,1,11,4,911,848,1058,1055,HP,860,N628AW,227,247,213,3,23,CMH,PHX,1671,4,10,0,NA,0,NA,NA,NA,NA,NA
1996,1,12,5,921,848,1117,1055,HP,860,N639AW,236,247,210,22,33,CMH,PHX,1671,4,22,0,NA,0,NA,NA,NA,NA,NA
1996,1,13,6,848,848,1104,1055,HP,860,N628AW,256,247,229,9,0,CMH,PHX,1671,3,24,0,NA,0,NA,NA,NA,NA,NA
1996,1,14,7,856,848,1051,1055,HP,860,N636AW,235,247,220,-4,8,CMH,PHX,1671,7,8,0,NA,0,NA,NA,NA,NA,NA
1996,1,15,1,850,848,1047,1055,HP,860,N624AW,237,247,219,-8,2,CMH,PHX,1671,8,10,0,NA,0,NA,NA,NA,NA,NA
1996,1,16,2,845,848,1039,1055,HP,860,N638AW,234,247,220,-16,-3,CMH,PHX,1671,3,11,0,NA,0,NA,NA,NA,NA,NA
1996,1,17,3,847,848,1050,1055,HP,860,N637AW,243,247,230,-5,-1,CMH,PHX,1671,5,8,0,NA,0,NA,NA,NA,NA,NA
1996,1,18,4,857,848,1102,1055,HP,860,N636AW,245,247,230,7,9,CMH,PHX,1671,3,12,0,NA,0,NA,NA,NA,NA,NA
1996,1,19,5,908,848,1135,1055,HP,860,N629AW,267,247,254,40,20,CMH,PHX,1671,5,8,0,NA,0,NA,NA,NA,NA,NA
1996,1,20,6,853,848,1116,1055,HP,860,N628AW,263,247,251,21,5,CMH,PHX,1671,3,9,0,NA,0,NA,NA,NA,NA,NA
1996,1,21,7,848,848,1057,1055,HP,860,N625AW,249,247,237,2,0,CMH,PHX,1671,4,8,0,NA,0,NA,NA,NA,NA,NA
1996,1,22,1,848,848,1115,1055,HP,860,N631AW,267,247,253,20,0,CMH,PHX,1671,4,10,0,NA,0,NA,NA,NA,NA,NA
1996,1,23,2,848,848,1114,1055,HP,860,N637AW,266,247,251,19,0,CMH,PHX,1671,5,10,0,NA,0,NA,NA,NA,NA,NA
1996,1,24,3,908,848,1124,1055,HP,860,N639AW,256,247,241,29,20,CMH,PHX,1671,3,12,0,NA,0,NA,NA,NA,NA,NA
1996,1,25,4,913,848,1201,1055,HP,860,N636AW,288,247,262,66,25,CMH,PHX,1671,6,20,0,NA,0,NA,NA,NA,NA,NA
1996,1,26,5,851,848,1113,1055,HP,860,N633AW,262,247,248,18,3,CMH,PHX,1671,3,11,0,NA,0,NA,NA,NA,NA,NA
1996,1,27,6,850,848,1105,1055,HP,860,N620AW,255,247,231,10,2,CMH,PHX,1671,4,20,0,NA,0,NA,NA,NA,NA,NA
1996,1,28,7,850,848,1121,1055,HP,860,N622AW,271,247,259,26,2,CMH,PHX,1671,4,8,0,NA,0,NA,NA,NA,NA,NA
1996,1,29,1,845,848,1122,1055,HP,860,N637AW,277,247,259,27,-3,CMH,PHX,1671,5,13,0,NA,0,NA,NA,NA,NA,NA
1996,1,30,2,906,848,1131,1055,HP,860,N620AW,265,247,256,36,18,CMH,PHX,1671,3,6,0,NA,0,NA,NA,NA,NA,NA
1996,1,31,3,925,848,1145,1055,HP,860,N628AW,260,247,247,50,37,CMH,PHX,1671,3,10,0,NA,0,NA,NA,NA,NA,NA
1996,1,1,1,2125,2120,2302,2259,HP,415,N151AW,97,99,82,3,5,COS,PHX,551,5,10,0,NA,0,NA,NA,NA,NA,NA
1996,1,2,2,2154,2120,2328,2259,HP,415,N156AW,94,99,72,29,34,COS,PHX,551,4,18,0,NA,0,NA,NA,NA,NA,NA
1996,1,3,3,2120,2120,2304,2259,HP,415,N316AW,104,99,90,5,0,COS,PHX,551,4,10,0,NA,0,NA,NA,NA,NA,NA
1996,1,4,4,2132,2120,2326,2259,HP,415,N308AW,114,99,86,27,12,COS,PHX,551,5,23,0,NA,0,NA,NA,NA,NA,NA
1996,1,5,5,2117,2120,2300,2259,HP,415,N313AW,103,99,77,1,-3,COS,PHX,551,3,23,0,NA,0,NA,NA,NA,NA,NA
1996,1,7,7,2118,2120,2257,2259,HP,415,N160AW,99,99,77,-2,-2,COS,PHX,551,3,19,0,NA,0,NA,NA,NA,NA,NA
1996,1,8,1,2117,2120,2250,2259,HP,415,N328AW,93,99,77,-9,-3,COS,PHX,551,5,11,0,NA,0,NA,NA,NA,NA,NA
1996,1,9,2,2118,2120,2256,2259,HP,415,N304AW,98,99,86,-3,-2,COS,PHX,551,2,10,0,NA,0,NA,NA,NA,NA,NA
1996,1,10,3,2116,2120,2238,2259,HP,415,N314AW,82,99,70,-21,-4,COS,PHX,551,3,9,0,NA,0,NA,NA,NA,NA,NA
1996,1,11,4,2120,2120,2255,2259,HP,415,N626AW,95,99,78,-4,0,COS,PHX,551,4,13,0,NA,0,NA,NA,NA,NA,NA
1996,1,12,5,2119,2120,2300,2259,HP,415,N188AW,101,99,80,1,-1,COS,PHX,551,5,16,0,NA,0,NA,NA,NA,NA,NA
1996,1,14,7,2120,2120,2300,2259,HP,415,N304AW,100,99,76,1,0,COS,PHX,551,4,20,0,NA,0,NA,NA,NA,NA,NA
1996,1,15,1,2120,2120,2303,2259,HP,415,N169AW,103,99,85,4,0,COS,PHX,551,6,12,0,NA,0,NA,NA,NA,NA,NA
1996,1,16,2,2118,2120,2309,2259,HP,415,N311AW,111,99,90,10,-2,COS,PHX,551,4,17,0,NA,0,NA,NA,NA,NA,NA
1996,1,17,3,2120,2120,2308,2259,HP,415,N175AW,108,99,85,9,0,COS,PHX,551,5,18,0,NA,0,NA,NA,NA,NA,NA
1996,1,18,4,2117,2120,2305,2259,HP,415,N637AW,108,99,85,6,-3,COS,PHX,551,5,18,0,NA,0,NA,NA,NA,NA,NA
1996,1,19,5,2120,2120,2314,2259,HP,415,N509DC,114,99,97,15,0,COS,PHX,551,3,14,0,NA,0,NA,NA,NA,NA,NA